uid,year,week,ticket_no,parent_ticket,circle,cmp,cmm_name,link_name,span_name,vendor_tt,fibre_owner,construction_type,impact,affected_service,reason,event_date,reported_to_fibre_noc,informed_date,etr,cleared_date,status,resolution,fault_description,mttr,mttn,delay_reason,inter_intra_bin,zone,bucket,transport_ip_bin,restoration_status,span_id,workorder,sp_name,rca_cause_code,reason_high_mttr,day,month,week_name,ttr_percentage
NULL,NULL,NULL,NULL,NULL,,NULL,NULL,NULL,NULL,NULL,,NULL,NULL,NULL,NULL,NULL,NULL,NULL,NULL,NULL,NULL,NULL,NULL,NULL,NULL,NULL,NULL,NULL,NULL,NULL,NULL,NULL,NULL,NULL,NULL,NULL,NULL,NULL,NULL,NULL
NULL,NULL,NULL,NULL,NULL,,NULL,NULL,NULL,NULL,NULL,,NULL,NULL,NULL,NULL,NULL,NULL,NULL,NULL,NULL,NULL,NULL,NULL,NULL,NULL,NULL,NULL,NULL,NULL,NULL,NULL,NULL,NULL,NULL,NULL,NULL,NULL,NULL,NULL,NULL
NULL,NULL,NULL,NULL,NULL,,NULL,NULL,NULL,NULL,NULL,,NULL,NULL,NULL,NULL,NULL,NULL,NULL,NULL,NULL,NULL,NULL,NULL,NULL,NULL,NULL,NULL,NULL,NULL,NULL,NULL,NULL,NULL,NULL,NULL,NULL,NULL,NULL,NULL,NULL
2026WK-18'26,2026,WK-18'26,IM367830085,,Haryana,Delhi-3 (Central-East),CMM Name,Delhi Metro Core,Loni 1-Seelampur,,,O & M,NSA,MetroCore,Fibre Cut,02-05-2026,0000-00-00 00:00:00,02-05-2026 14:51,02-05-2026 19:00,02-05-2026 18:54,Resolved,Restored by single joint,02-05-2026 18:54,4.18,00:08,Others,Intercity,North,Own,Transport,Permanent,DLHI_0029,1.00171E+11,,NULL,,2,May-26,WK-18'26,TTR>4Hrs
2026WK-18'26,2026,WK-18'26,IM368517949,,Delhi,Delhi-3 (Central-East),CMM Name,Delhi Metro Access,PGCIL NRTCC Delhi-INA Access,,,O & M,,MetroCore,Fibre Cut,05-05-2026,0000-00-00 00:00:00,05-05-2026 19:47,06-05-2026 00:00,05-05-2026 22:37,Resolved,Restored by single joint,CMP changed to Delhi-3,2.93,00:06,,Intercity,North,Own,Transport,Permanent,DLDLHI4019DLHIB111_BI,1.00172E+11,,NULL,,5,May-26,WK-18'26,TTR<4Hrs
2026WK-18'26,2026,WK-18'26,IM368829369,,Delhi,Delhi-1 (West),CMM Name,Meerut-Delhi#2 (Vikaspuri),Alipur-Delhi#2 (Vikaspuri) 167,,,O & M,NSA,Core - Collector,Fibre Cut,07-05-2026,0000-00-00 00:00:00,07-05-2026 08:12,07-05-2026 12:00,07-05-2026 08:59,Resolved,Restored by single joint,CMP changed Delhi- 1.,0.92,00:07,,Intercity,North,Own,Transport,,DLDLHIDLDLHISPN004_BU,1.00169E+11,,NULL,,7,May-26,WK-18'26,TTR<4Hrs
2026WK-18'26,2026,WK-18'26,IM368868801,,Delhi,Noida (NCR),CMM Name,Sector-46 Noida-Bulandshehar,Noida 46-Gulaothi,,,O & M,,Collector,Fibre Cut,07-05-2026,0000-00-00 00:00:00,07-05-2026 11:55,07-05-2026 15:15,07-05-2026 14:50,Resolved,Restored by double joint,As per Mr Atul +918810694469 // Own Aerial fiber // Cut due to PE C6308535 was going and not completed within time // OTDR at 13.4 km from Noida 46 // Restored by Double joint // 2 JC added // 150 meter cable added . Span Name LER SpanLoss Egress Ingress Status Gulaothi - Noida sec 46 22 21.72 03.61 -18.11 - Noida sec 46 - Gulaothi 22 23.51 02.59 -20.92 -,3,00:05,,Intercity,North,Own,Transport,Permanent,DLNOIDUWGULTSPQ001_BU,1.00172E+11,,NULL,,7,May-26,WK-18'26,TTR<4Hrs
2026WK-18'26,2026,WK-18'26,IM367603985,,Delhi,Delhi-4 (North),CMM Name,I-DL-DLHI-ENB-1223,I-DL-DLHI-AG2-0010,,,O & M,NSA,AG2 - AG1,Fibre Cut,01-05-2026,01-05-2026 12:58,01-05-2026 12:58,0000-00-00 00:00:00,02-05-2026 02:15,Resolved,Restored by double joint,"CMP_Interface Down [2]: DELHI TELECOM CIRCLE/Delhi-4 (North);Link: AG2_AG1 : IPOF :; Down Since:2026-05-01 12:50:58.000000
 $$ [AG2_AG1]I-DL-DLHI-ENB-1223<->I-DL-DLHI-AG2-0010
DLHINNGPPAR001/TenGigE0/4/0/0
DLHIOTRMAAR001/TenGigE0/0/1/15
DLHIOTRMAAR001/Bundle-Ether1500
DLHIOTRMAAR001/Bundle-Ether1500
DLHINNGPPAR001/Bundle-Ether1500
DLHINNGPPAR001/TenGigE0/2/0/0
DLHIOTRMAAR001/TenGigE0/0/0/15;[AG2_OLT]I-DL-DLHI-ENB-9286<->I-DL-DLHI-AG2-0010 $$ 

Interface down AG2_AG1 Total :2,10G:2,100G:0,400G:0: IPOF : between I-DL-DLHI-ENB-1223 and I-DL-DLHI-AG2-0010[Vill-Nangli Puna & Model Town (Gujrawala Town) ] since 2026-05-01 12:50:58
 PR ALARM : Interface down AG2_AG1 SO6-CO Total :2,10G:2,100G:0,400G:0 Rg:N Between Site : DLHINNGPPAR001 port TenGigE0/4/0/0; AND DLHIOTRMAAR001 port TenGigabitEthernet0/0/0/15-ETH;MaintenancePoint - Delhi-4 (North);SAPID - I-DL-DLHI-ENB-1223;DESTINATION_SAPID - I-DL-DLHI-AG2-0010
DLHINNGPPAR001/TenGigE0/4/0/0
DLHIOTRMAAR001/TenGigE0/0/1/15
DLHIOTRMAAR001/Bundle-Ether1500
DLHIOTRMAAR001/Bundle-Ether1500
DLHINNGPPAR001/Bundle-Ether1500
DLHINNGPPAR001/TenGigE0/2/0/0
DLHIOTRMAAR001/TenGigE0/0/0/15
Fttx:Multiple_Fiber Cut Between AG2 to OLT: IPOF : | INDLDLHIBCKCNB0005ENBOLT001_NT-A:SFP-1 | I-DL-DLHI-ENB-9286 | 10.0.243.108 | Nr. Radha Krishna Mandir  Swaroop Nagar and INDLDLHIOTRMNB0001MA2AAR001_TENGIGE0/0/1/13 | I-DL-DLHI-AG2-0010 | 49.44.0.158 | Model Town (Gujrawala Town)
[Link 1:INDLDLHIBCKCNB0005ENBOLT001_NT-A:SFP-1 | I-DL-DLHI-ENB-",13.4,00:07,,Intercity,North,Own,Intercity IP Core,,INDLDLHINNGPNB0001MA1PAR001,1.00172E+11,,NULL,,2,May-26,WK-18'26,TTR>4Hrs
2026WK-18'26,2026,WK-18'26,IM367778442,,Delhi,Delhi-1 (West),CMM Name,I-DL-DLHI-AG2-0017,I-DL-DLHI-ENB-0618,,,O & M,NSA,AG2 - AG1,Fibre Cut,02-05-2026,02-05-2026 10:41,02-05-2026 10:41,0000-00-00 00:00:00,02-05-2026 15:32,Resolved,Restored by double joint,"CMP_Interface Down [5]: DELHI TELECOM CIRCLE/Delhi-1 (West);Link: AG2_AG1 : IPOF :; Down Since:2026-05-02 10:31:54.000000
 $$ [AG2_AG1]I-DL-DLHI-AG2-0017<->I-DL-DLHI-ENB-0618
DLHISDPKAAR001/TenGigE0/0/0/19
DLHISDPKAAR001/TenGigE0/0/0/19
DLHIKMRNPAR003/TenGigabitEthernet0/0/6
DLHISDPKAAR001/TenGigE0/0/0/14
DLHISDPKAAR001/Bundle-Ether1611
DLHISDPKAAR001/TenGigE0/0/0/14
DLHISDPKAAR001/Bundle-Ether1611
DLHIKMRNPAR003/TenGigabitEthernet0/0/0;[AG2_AG1]I-DL-DLHI-ENB-0626<->I-DL-DLHI-AG3-0001
DLHIVKDEAAR001/TenGigE0/1/1/4
DLHIKMRNPAR002/TenGigabitEthernet0/0/6
DLHIVKDEAAR001/TenGigE0/1/1/4
DLHIVKDEAAR001/TenGigE0/1/1/5
DLHIVKDEAAR001/Bundle-Ether1617
DLHIVKDEAAR001/TenGigE0/1/1/5
DLHIVKDEAAR001/Bundle-Ether1617;[AG2_OLT]I-DL-DLHI-ENB-6147<->I-DL-DLHI-AG3-0001;[OLT_OLT]I-DL-DLHI-ESC-8034<->I-DL-DLHI-ENB-3309;[OLT_OLT]I-DL-DLHI-ENB-2764<->I-DL-DLHI-ENB-0982 $$ 

Interface down AG2_AG1 Total :2,10G:2,100G:0,400G:0 between Kirti Nagar and Mayapuri Industerial Area since 2026-05-02 10:31:54
 PR ALARM : Interface down AG2_AG1 SO6-CO Total :2,10G:2,100G:0,400G:0 Rg:N Between Site : DLHISDPKAAR001 port TenGigE0/0/0/19; AND DLHIKMRNPAR003 port Port-Channel1-ETH;MaintenancePoint - Delhi-1 (West);SAPID - I-DL-DLHI-AG2-0017;DESTINATION_SAPID - I-DL-DLHI-ENB-0618
DLHISDPKAAR001/TenGigE0/0/0/19
DLHISDPKAAR001/TenGigE0/0/0/19
DLHIKMRNPAR003/TenGigabitEthernet0/0/6
DLHISDPKAAR001/TenGigE0/0/0/14
DLHISDPKAAR001/Bundle-Ether1611
DLHISDPKAAR001/TenGigE0/0/0/14
DLHISDPKAAR001/B",5,00:09,,Intercity,North,Own,Intercity IP Core,,INDLDLHISDPKNB0001MA2AAR001,1.00172E+11,,NULL,,2,May-26,WK-18'26,TTR>4Hrs
2026WK-18'26,2026,WK-18'26,IM368629736,,Delhi,Delhi-4 (North),CMM Name,I-DL-DLHI-AG1-4485,I-DL-DLHI-AG2-0010,,,O & M,NSA,AG2 - AG1,Fibre Cut,06-05-2026,06-05-2026 09:29,06-05-2026 09:29,0000-00-00 00:00:00,06-05-2026 18:54,Resolved,Restored by double joint,"CMP_Interface Down [2]: DELHI TELECOM CIRCLE/Delhi-4 (North);Link: AG2_AG1 : IPOF :; Down Since:2026-05-06 09:22:55.000000
 $$ [AG2_AG1]I-DL-DLHI-AG1-4485<->I-DL-DLHI-AG2-0010
DLHIIDPLPAR001/TenGigE0/2/0/1
DLHIOTRMAAR001/TenGigE0/0/0/14;[AG2_AG1]I-DL-DLHI-AG1-4436<->I-DL-DLHI-AG2-0010
DLHIRHINPAR001/TenGigabitEthernet0/0/0
DLHIOTRMAAR001/TenGigE0/0/1/1
DLHIOTRMAAR001/TenGigE0/0/0/13
DLHIOTRMAAR001/TenGigE0/0/1/1
DLHIRHINPAR001/TenGigabitEthernet0/4/6
DLHIOTRMAAR001/TenGigE0/0/0/13
DLHIOTRMAAR001/Bundle-Ether1602
DLHIOTRMAAR001/Bundle-Ether1602 $$ 

Interface down AG2_AG1 Total :1,10G:1,100G:0,400G:0: IPOF : between I-DL-DLHI-AG1-4485 and I-DL-DLHI-AG2-0010[Kaushik Enclave,Burari & Model Town (Gujrawala Town) ] since 2026-05-06 09:22:55
 PR ALARM : Interface down AG2_AG1 SO6-CO Total :1,10G:1,100G:0,400G:0 Rg:N Between Site : DLHIIDPLPAR001 port TenGigE0/2/0/1; AND DLHIOTRMAAR001 port TenGigE0/0/0/14-Fiber-16367606;MaintenancePoint - Delhi-4 (North);SAPID - I-DL-DLHI-AG1-4485;DESTINATION_SAPID - I-DL-DLHI-AG2-0010
DLHIIDPLPAR001/TenGigE0/2/0/1
DLHIOTRMAAR001/TenGigE0/0/0/14
Interface down AG2_AG1 Total :2,10G:2,100G:0,400G:0: IPOF : between I-DL-DLHI-AG1-4436 and I-DL-DLHI-AG2-0010[MUKUNDPUR,PART-2 & Model Town (Gujrawala Town) ] since 2026-05-06 09:22:55
 PR ALARM : Interface down AG2_AG1 SO6-CO Total :2,10G:2,100G:0,400G:0 Rg:N Between Site : DLHIRHINPAR001 port TenGigabitEthernet0/0/0; AND DLHIOTRMAAR001 port TenGig0/0/1/1-FIBER;MaintenancePoint - Delhi-4 ",9.52,00:07,Police Issue,Intercity,North,Own,Intercity IP Core,Permanent,INDLDLHIIDPLCR0001SM1PAR001,1.00172E+11,,NULL,,6,May-26,WK-18'26,TTR>4Hrs
2026WK-18'26,2026,WK-18'26,IM367876144,,Delhi,Gurgaon (NCR),CMM Name,I-DL-GRGN-ENB-0013,I-DL-GRGN-ENB-I270,,,O & M,NSA,AG1 - CSS,Fibre Cut,02-05-2026,02-05-2026 18:14,02-05-2026 18:24,0000-00-00 00:00:00,02-05-2026 22:56,Resolved,High Ageing,"CMP_Interface Down [2]: DELHI TELECOM CIRCLE/Gurgaon (NCR);Link: AG1_CSS : IPOF :; Down Since:2026-05-02 18:14:16.000000
 $$ [AG1_CSS]I-DL-GRGN-ENB-0013<->I-DL-GRGN-ENB-I270;[CSS_CSS]I-DL-GRGN-ENB-A086<->I-DL-GRGN-ENB-I272 $$ 

PR TBFC_P1 - Interface down Affected:6 [DOWN:0,THREAT:6] AG1_CSS: IPOF : between I-DL-GRGN-ENB-0013 GRGNNPVDPAR001-Te0/4/5-Te0/4/5 and I-DL-GRGN-ENB-I270 GRGNNPVBESR001-Te0/0/10-Te0/0/10[RAJENDRA PARK and ] CMP -  Gurgaon NCR  since 2026-05-02 18:14:16.0 ; 
@ DOWN[], THREAT[], Linked_Tickets:[LINK1: DL-49701004-MI],spur:'0',,is_fork:0,fork_parent_information:None,spur_media_type:None,parent : ['hostname' = 'GRGNNPVDPAR001','sap_id' = 'I-DL-GRGN-ENB-0013','interface_name' = 'Te0/4/5','port' = 'Te0/4/5','link' = 'GRGNNPVDPAR001_GRGNNPVBESR001','link_no' = 13642874],path_information : (P1 = (ticket_id = 49701004,link = GRGNNPVDPAR001_GRGNNPVBESR001,ticket_type = THREAT,down_type = LINK,outage_start_time = 2026-05-02 18:14:16,outage_created_time = 2026-05-02 18:24:47)),TBFCKEY_49701004, #IFDOWN-AG1_CSS_IPOF#,ticket_nature : IPOF
PR TBFC_P2 - Interface down Affected:5 [DOWN:0,THREAT:5] CSS_CSS: IPOF : between I-DL-GRGN-ENB-A086 DLHIDRKVESR001-BD354-TenGigabitEthernet0/0/10 and I-DL-GRGN-ENB-I272 GRGNNPLMESR002-BD355-TenGigabitEthernet0/0/11[INTERNATIONAL CITY NEW PALAM VIHAR and ] CMP -  Gurgaon NCR  since 2026-05-02 18:14:16.0 ; 
@ DOWN:[ ], THREAT[]; VENDORSL2= [] HOSTNAMEL2= [], Linked_Tickets:[LINK:1: DL-49700997-MI,],spur:'0',,is_fork:0,fork_pare",4.7,00:10,,Intracity,North,Own,Intracity IP Access,,INDLGRGNNPVDNB0007MA1PAR001,1.00172E+11,,NULL,,2,May-26,WK-18'26,TTR>4Hrs
2026WK-18'26,2026,WK-18'26,IM368690829,,Delhi,Gurgaon (NCR),CMM Name,I-HR-GRGN-AG2-0001,I-DL-GRGN-ENB-0493,,,O & M,NSA,AG2 - AG1,Fibre Cut,06-05-2026,06-05-2026 15:09,06-05-2026 15:09,0000-00-00 00:00:00,06-05-2026 23:01,Resolved,Restored by double joint,"RFO- Own fiber cable cut due to sewage work otdr 6.3km from ENB-0493 restore by dj  in parmant cable type -96 live fiber 52, delay due to MCG permission issue.
As per TT Added in Portal:	06-05-2026 15:04:03//monu +919218077268
CMP_Interface Down [4]: DELHI TELECOM CIRCLE/Gurgaon (NCR);Link: AG2_AG1 : IPOF :; Down Since:2026-05-06 12:15:00.000000
 $$ [AG2_AG1]I-HR-GRGN-AG2-0001<->I-DL-GRGN-ENB-0493
GRGNGNHIAAR001/TenGigE0/1/0/19
GRGNGNHIAAR001/TenGigE0/1/0/19
GRGNSRYAPAR001/TenGigabitEthernet0/0/0
GRGNGNHIAAR001/TenGigE0/1/0/4
GRGNGNHIAAR001/Bundle-Ether1612
GRGNGNHIAAR001/TenGigE0/1/0/4
GRGNGNHIAAR001/Bundle-Ether1612;[AG1_CSS]I-DL-GRGN-ENB-I069<->I-DL-GRGN-ENB-0493;[AG1_CSS]I-DL-GRGN-ENB-5043<->I-DL-GRGN-ENB-0493;[AG2_OLT]I-DL-GRGN-ENB-4229<->I-HR-GRGN-AG2-0001 $$ 

Interface down AG2_AG1 Total :2,10G:2,100G:0,400G:0 between Udyog Vihar(Old Gurgaon) and Nirvanau00a0 Patio since 2026-05-06 12:15:00
 PR ALARM : Interface down AG2_AG1 SO6-CO Total :2,10G:2,100G:0,400G:0 Rg:N Between Site : GRGNGNHIAAR001 port TenGigE0/1/0/19; AND GRGNSRYAPAR001 port Port-Channel1-ETH;MaintenancePoint - Gurgaon (NCR);SAPID - I-HR-GRGN-AG2-0001;DESTINATION_SAPID - I-DL-GRGN-ENB-0493
GRGNGNHIAAR001/TenGigE0/1/0/19
GRGNGNHIAAR001/TenGigE0/1/0/19
GRGNSRYAPAR001/TenGigabitEthernet0/0/0
GRGNGNHIAAR001/TenGigE0/1/0/4
GRGNGNHIAAR001/Bundle-Ether1612
GRGNGNHIAAR001/TenGigE0/1/0/4
GRGNGNHIAAR001/Bundle-Ether1612
PR TBFC_P1 - Interface down Affected:8 [DOWN:0,THREAT:8] AG1_CSS: IPOF : ",7.95,00:05,Others,Intercity,North,Own,Intercity IP Core,Permanent,INDLGRGNGNHINB0001MA2AAR001,1.00172E+11,,NULL,,6,May-26,WK-18'26,TTR>4Hrs
2026WK-18'26,2026,WK-18'26,IM367936821,,Delhi,Delhi-3 (Central-East),CMM Name,I-DL-DLHI-ENB-9745,I-UW-GZBD-AG2-0001,,,O & M,NSA,AG2-OLTE (FTTX),Fibre Cut,03-05-2026,03-05-2026 02:33,03-05-2026 02:33,0000-00-00 00:00:00,03-05-2026 07:33,Resolved,Restored by double joint,"CMP_Interface Down [1]: DELHI TELECOM CIRCLE/Delhi-3 (Central-East);Link: AG2_OLT : IPOF :; Down Since:2026-05-03 02:25:04.000000
 $$ [AG2_OLT]I-DL-DLHI-ENB-9745<->I-UW-GZBD-AG2-0001 $$ 

Fttx:Fiber Cut Between AG2 to OLT: IPOF : | INDLDLHIPTPJNB0564ENBOLT001_NT-A:SFP-1 | I-DL-DLHI-ENB-9745 | 10.1.27.252 | PATPARGANJ and INDLGZBDGMJPNB0001MA2AAR001_TENGIGE0/3/0/13 | I-UW-GZBD-AG2-0001 | 49.44.0.152 | Vasundhara Option
[Link 1:INDLDLHIPTPJNB0564ENBOLT001_NT-A:SFP-1 | I-DL-DLHI-ENB-9745 | 10.1.27.252 | PATPARGANJ and INDLGZBDGMJPNB0001MA2AAR001_TENGIGE0/3/0/13 | I-UW-GZBD-AG2-0001 | 49.44.0.152 | Vasundhara Option]
 Loss of signal on nt-a:xfp:1 | Site Friendly Name :: PATPARGANJ | SAP ID :: I-DL-DLHI-ENB-9745 | INDLDLHIPTPJNB0564ENBOLT001
 Customer on Threat :: 862 and Enterprise customer on threat= 9 
CorrelatedAlarms :di_n_fttx_nokia:3601977570",5.13,00:08,,Intercity,North,Own,Intercity IP Core,,INDLDLHIPTPJNB0564ENBOLT001,1.00172E+11,,NULL,,3,May-26,WK-18'26,TTR>4Hrs
2026WK-18'26,2026,WK-18'26,IM367420259,,Delhi,Noida (NCR),CMM Name,Delhi Metro Core,Noida Sec-46-Dadri,,,O & M,NSA,MetroCore,Fibre Cut,30-04-2026,0000-00-00 00:00:00,30-04-2026 18:39,01-05-2026 03:00,01-05-2026 10:39,Resolved,Restored by double joint,.,16.12,00:07,Water logging,Intercity,North,Own,Transport,Permanent,DLHI_0025,1.00172E+11,,NULL,,1,May-26,WK-18'26,TTR>4Hrs
2026WK-18'26,2026,WK-18'26,IM368178165,,Delhi,Noida (NCR),CMM Name,Delhi Metro Core Express DC,Greater Noida-Noida Sec-46 Ex DC,,,O & M,NSA,MetroCore,Fibre Cut,04-05-2026,0000-00-00 00:00:00,04-05-2026 10:13,04-05-2026 14:05,04-05-2026 13:16,Resolved,Restored by single joint,"+918178025323 Veer, Own aerial burn in garbage fire at 10.2 km from Greater Noida restored by single joint.
Span Name	LER	SpanLoss	Egress	Ingress	Status
Greater noida mag2 - Sector-46 noida		15.18	02.44	-12.74	-
Sector-46 noida - Greater noida mag2		16.1	01.82	-14.28	-",3.18,00:08,,Intercity,North,Own,Transport,Permanent,DLHI_0078,1.00172E+11,,NULL,,4,May-26,WK-18'26,TTR<4Hrs
2026WK-18'26,2026,WK-18'26,IM368231229,,Delhi,Delhi-4 (North),CMM Name,Delhi Metro Core,Rajori Garden-Mangolpuri,,,O & M,NSA,MetroCore,Fibre Cut,04-05-2026,0000-00-00 00:00:00,04-05-2026 14:10,05-05-2026 03:00,04-05-2026 22:58,Resolved,Restored by double joint,"Own Fiber cut 1.2 km from Mangolpuri , Due to Sewerage line work , Fiber spliced with Double Joint , 200 m cable added , Delay due to Water logging and permanent restoration , Phool kumar-;918766317912
MetroCore 	Delhi Metro Core 	Rajori Garden-Mangolpuri 	370 		
Span Name 	LER 	SpanLoss 	Egress 	Ingress 	Status
Mangolpuri - Rajori garden 	15.03 	12.71 	02.41 	-10.30 	-
Rajori garden - Mangolpuri 	15.13 	15.91 	02.32 	-13.59 	-
	
MetroCore 	Delhi Super MetroCore 	Rajori Garden_CDCF-Lawrence Road JCN_CDCF 	12557 		
Span Name 	LER 	SpanLoss 	Egress 	Ingress 	Status
Lawrence road jcn - Rajori garden 	15 	15.15 	06.19 	-08.96 	-
Rajori garden - Lawrence road jcn 	15 	15.16 	06.44 	-08.72 	-
	",8.93,00:08,Others,Intercity,North,Own,Transport,Permanent,DLHI_0004,1.00172E+11,,NULL,,4,May-26,WK-18'26,TTR>4Hrs
2026WK-18'26,2026,WK-18'26,IM367409637,,Delhi,Noida (NCR),CMM Name,I-DL-NOID-ENB-3123,I-UW-NOID-AG2-0001,,,O & M,NSA,AG2-OLTE (FTTX),Fibre Cut,30-04-2026,30-04-2026 17:11,30-04-2026 17:11,0000-00-00 00:00:00,01-05-2026 11:28,Resolved,Restored by double joint,"CMP_Interface Down [1]: DELHI TELECOM CIRCLE/Noida (NCR);Link: AG2_OLT : IPOF :; Down Since:2026-04-30 17:03:32.000000
 $$ [AG2_OLT]I-DL-NOID-ENB-3123<->I-UW-NOID-AG2-0001 $$ 

Fttx:Fiber Cut Between AG2 to OLT: IPOF : | INDLNOIDACHRTW0001ENBOLT001_NT-A:SFP-1 | I-DL-NOID-ENB-3123 | 10.1.26.212 | Meenakshi Appartment and INDLNOIDAVG1NB0001MA2AAR001_TENGIGE0/2/1/16 | I-UW-NOID-AG2-0001 | 49.44.0.147 | Greater Noida
[Link 1:INDLNOIDACHRTW0001ENBOLT001_NT-A:SFP-1 | I-DL-NOID-ENB-3123 | 10.1.26.212 | Meenakshi Appartment and INDLNOIDAVG1NB0001MA2AAR001_TENGIGE0/2/1/16 | I-UW-NOID-AG2-0001 | 49.44.0.147 | Greater Noida]
 Loss of signal on nt-a:xfp:1 | Site Friendly Name :: Meenakshi Appartment | SAP ID :: I-DL-NOID-ENB-3123 | INDLNOIDACHRTW0001ENBOLT001
 Customer on Threat :: 1334 and Enterprise customer on threat= 2 
CorrelatedAlarms :di_n_fttx_nokia:3593389665",18.42,00:07,,Intercity,North,Own,Intercity IP Core,,INDLNOIDACHRTW0001ENBOLT001,1.00169E+11,,NULL,,1,May-26,WK-18'26,TTR>4Hrs
2026WK-18'26,2026,WK-18'26,IM367564296,,Delhi,Delhi-3 (Central-East),CMM Name,I-DL-DLHI-ENB-9857,I-DL-DLHI-ENB-4409,,,O & M,NSA,AG1 - CSS,Fibre Cut,01-05-2026,01-05-2026 09:27,01-05-2026 09:27,0000-00-00 00:00:00,01-05-2026 12:35,Resolved,High Ageing,"CMP_Interface Down [2]: DELHI TELECOM CIRCLE/Delhi-3 (Central-East);Link: AG1_CSS : IPOF :; Down Since:2026-05-01 09:19:08.000000
 $$ [AG1_CSS]I-DL-DLHI-ENB-9857<->I-DL-DLHI-ENB-4409;[AG2_OLT]I-DL-DLHI-ENB-8271<->I-DL-GZBD-AG2-0003 $$ 

PR TBFC_P1 - Interface down Affected:7 [DOWN:0,THREAT:7] AG1_CSS: IPOF : between I-DL-DLHI-ENB-9857 DLHIMSGNESR002-Te0/0/0/25-Te0/0/0/25 and I-DL-DLHI-ENB-4409 DLHIBRJPPAR001-Te0/4/7-Te0/4/7[BRIJPURI and ] CMP -  Delhi-3 Central-East  since 2026-05-01 09:19:08.0 ; 
@ DOWN[], THREAT[], Linked_Tickets:[LINK1: DL-49658146-MI],spur:'0',,is_fork:0,fork_parent_information:None,spur_media_type:None,parent : ['hostname' = 'DLHIMSGNESR002','sap_id' = 'I-DL-DLHI-ENB-9857','interface_name' = 'Te0/0/0/25','port' = 'Te0/0/0/25','link' = 'DLHIMSGNESR002_DLHIBRJPPAR001','link_no' = 18823554],path_information : (P1 = (ticket_id = 49658146,link = DLHIMSGNESR002_DLHIBRJPPAR001,ticket_type = THREAT,down_type = LINK,outage_start_time = 2026-05-01 09:19:08,outage_created_time = 2026-05-01 09:21:10)),TBFCKEY_49658146, #IFDOWN-AG1_CSS_IPOF#,ticket_nature : IPOF
Fttx:Fiber Cut Between AG2 to OLT: IPOF : | INDLDLHIBRJPNB0009ENBOLT001_NT-A:SFP-1 | I-DL-DLHI-ENB-8271 | 10.1.30.196 | BRIJPURI ROAD  SHAHDRA and INDLLONISERYNB0001MA2AAR001_TENGIGE0/6/0/6 | I-DL-GZBD-AG2-0003 | 49.44.0.175 | Plot No.-A-40-Loni Option
[Link 1:INDLDLHIBRJPNB0009ENBOLT001_NT-A:SFP-1 | I-DL-DLHI-ENB-8271 | 10.1.30.196 | BRIJPURI ROAD, SHAHDRA and INDLLONISERYNB0001MA2AAR001_TENGIGE0/6/0/6 | I-D",3.27,00:08,,Intracity,North,Own,Intracity IP Access,,INDLDLHIBRJPNB0001SM1PAR001,1.00171E+11,,NULL,,1,May-26,WK-18'26,TTR<4Hrs
2026WK-18'26,2026,WK-18'26,IM367746918,,Delhi,Noida (NCR),CMM Name,I-DL-NOID-ENB-3242,I-UW-NOID-AG2-0001,,,O & M,NSA,AG2-OLTE (FTTX),Fibre Cut,02-05-2026,02-05-2026 07:06,02-05-2026 07:06,0000-00-00 00:00:00,02-05-2026 10:10,Resolved,High Ageing,"CMP_Interface Down [1]: DELHI TELECOM CIRCLE/Noida (NCR);Link: AG2_OLT : IPOF :; Down Since:2026-05-02 06:55:29.000000
 $$ [AG2_OLT]I-DL-NOID-ENB-3242<->I-UW-NOID-AG2-0001 $$ 

Fttx:Fiber Cut Between AG2 to OLT: IPOF : | INDLNOIDNDICTW0004ENBOLT001_NT-A:SFP-1 | I-DL-NOID-ENB-3242 | 10.1.7.20 | Sec-82 Noida and INDLNOIDAVG1NB0001MA2AAR001_TENGIGE0/0/1/13 | I-UW-NOID-AG2-0001 | 49.44.0.147 | Greater Noida
[Link 1:INDLNOIDNDICTW0004ENBOLT001_NT-A:SFP-1 | I-DL-NOID-ENB-3242 | 10.1.7.20 | Sec-82,Noida and INDLNOIDAVG1NB0001MA2AAR001_TENGIGE0/0/1/13 | I-UW-NOID-AG2-0001 | 49.44.0.147 | Greater Noida]
 Loss of signal on nt-a:xfp:1 | Site Friendly Name :: Sec-82 Noida | SAP ID :: I-DL-NOID-ENB-3242 | INDLNOIDNDICTW0004ENBOLT001
 Customer on Threat :: 1683 and Enterprise customer on threat= 0 
CorrelatedAlarms :di_n_fttx_nokia:3598968799",3.25,00:10,,Intercity,North,Own,Intercity IP Core,,INDLNOIDNDICTW0004ENBOLT001,1.00172E+11,,NULL,,2,May-26,WK-18'26,TTR<4Hrs
2026WK-18'26,2026,WK-18'26,IM367822448,,Delhi,Ghaziabad (NCR),CMM Name,I-DL-GZBD-ENB-2451,I-DL-GZBD-AG1-4414,,,O & M,NSA,AG1 - AG1,Fibre Cut,02-05-2026,02-05-2026 14:19,02-05-2026 14:19,0000-00-00 00:00:00,02-05-2026 17:21,Resolved,Restored by single joint,"CMP_Interface Down [2]: DELHI TELECOM CIRCLE/Ghaziabad (NCR);Link: AG1_AG1 : IPOF :; Down Since:2026-05-02 14:11:39.000000
 $$ [AG1_AG1]I-DL-GZBD-ENB-2451<->I-DL-GZBD-AG1-4414
GZBDBRHMPAR001/TenGigabitEthernet0/4/4
GZBDBRHMPAR001/TenGigabitEthernet0/0/0
GZBDNBDHPAR004/TenGigabitEthernet0/4/6
GZBDNBDHPAR004/TenGigabitEthernet0/4/0;[AG1_CSS]I-DL-GZBD-ENB-I174<->I-DL-GZBD-AG1-4414 $$ 

Interface down AG1_AG1 Total :2,10G:2,100G:0,400G:0: IPOF : between I-DL-GZBD-ENB-2451 and I-DL-GZBD-AG1-4414[C-Block Rahul Vihar-1 & Sudamapuri,Ghaziabad ] since 2026-05-02 14:11:39
 PR ALARM : Interface down AG1_AG1 SO6-CO Total :2,10G:2,100G:0,400G:0 Rg:N Between Site : GZBDBRHMPAR001 port TenGigabitEthernet0/4/4; AND GZBDNBDHPAR004 port Port-Channel11-Fiber;MaintenancePoint - Ghaziabad (NCR);SAPID - I-DL-GZBD-ENB-2451;DESTINATION_SAPID - I-DL-GZBD-AG1-4414
GZBDBRHMPAR001/TenGigabitEthernet0/4/4
GZBDBRHMPAR001/TenGigabitEthernet0/0/0
GZBDNBDHPAR004/TenGigabitEthernet0/4/6
GZBDNBDHPAR004/TenGigabitEthernet0/4/0
PR TBFC_P1 - Interface down Affected:5 [DOWN:0,THREAT:5] AG1_CSS: IPOF : between I-DL-GZBD-ENB-I174 GZBDNBDHESR010-Te0/0/10-Te0/0/10 and I-DL-GZBD-AG1-4414 GZBDNBDHPAR004-Te0/4/3-Te0/4/3[Sudamapuri,Ghaziabad and ] CMP -  Ghaziabad NCR  Noida NCR  since 2026-05-02 14:11:29.0 ; 
@ DOWN[], THREAT[], Linked_Tickets:[LINK1: DL-49694014-MI],spur:'0',,is_fork:0,fork_parent_information:None,spur_media_type:None,parent : ['hostname' = 'GZBDNBDHESR010','sap_id' = 'I-DL-GZBD-ENB-I174',",3.15,00:07,,Intercity,North,Own,Intercity IP Core,,INDLGZBDBRHMNB0002MA1PAR001,1.00169E+11,,NULL,,2,May-26,WK-18'26,TTR<4Hrs
2026WK-18'26,2026,WK-18'26,IM367943697,,Delhi,Noida (NCR),CMM Name,I-UW-DDRI-ENB-6001,I-DL-NOID-AG2-0004,,,O & M,NSA,AG1 - CSS,Fibre Cut,03-05-2026,03-05-2026 04:02,03-05-2026 04:02,0000-00-00 00:00:00,03-05-2026 10:22,Resolved,Restored by single joint,"
From: Atul1 Budhauliya 
Sent: 04 May 2026 13:17
To: Shashank3 Sharma <Shashank3.Sharma@ril.com>; Jio NOCOFCIntracity <Jio.NOCOFCIntracity@ril.com>
Cc: Pratyush Tripathi <Pratyush.Tripathi@ril.com>; Saurabh48 Singh <Saurabh48.Singh@ril.com>
Subject: RE: IM367943697-CMP Change

Ok…pls transfer

From: Shashank3 Sharma <Shashank3.Sharma@ril.com> 
Sent: 03 May 2026 12:03 PM
To: Jio NOCOFCIntracity <Jio.NOCOFCIntracity@ril.com>; Atul1 Budhauliya <Atul1.Budhauliya@ril.com>
Cc: Pratyush Tripathi <Pratyush.Tripathi@ril.com>; Saurabh48 Singh <Saurabh48.Singh@ril.com>
Subject: IM367943697-CMP Change

Dear Team,
Kindly transfer TT under Noida CMP

@Atul1 Budhauliya:-Bhai Please approve

15	Hapur	IM367943697	I-UW-DDRI-ENB-6001	I-DL-NOID-AG2-0004	AG1 - CSS	03-05-2026 03:50:45	03-05-2026 10:22:16	1h 39m


Regards
Shashank Sharma
CMP-Hapur

CMP_Interface Down [2]: UTTAR PRADESH(WEST)/Hapur;Link: AG1_CSS : IPOF :; Down Since:2026-05-03 03:50:45.000000
 $$ [AG1_CSS]I-UW-DDRI-ENB-6001<->I-DL-NOID-AG2-0004;[AG2_OLT]I-UW-DDRI-ENB-9032<->I-DL-NOID-AG2-0004 $$ 

PR TBFC_P1 - Interface down Affected:15 [DOWN:1,THREAT:14] AG1_CSS: IPOF : between I-UW-DDRI-ENB-6001 DDRIDDRIESR005-Te0/0/0/25-Te0/0/0/25 and I-DL-NOID-AG2-0004 NOIDAMKAPAR005-Te0/0/4-Te0/0/4[Bishahra and ] CMP -  Hapur  since 2026-05-03 03:50:45.0 ; 
@ DOWN[1:I-UW-DDRI-ENB-9035 DDRIDDRIESR051], THREAT[], Linked_Tickets:[LINK1: UW-49712128-MI],spur:'0',,is_fork:0,fork_parent_information:None,spur_media_typ",6.52,00:11,,Intracity,North,Own,Intracity IP Access,,INUWDDRIXXXXTW6003ENBESR001,1.00171E+11,,NULL,,3,May-26,WK-18'26,TTR>4Hrs
2026WK-18'26,2026,WK-18'26,IM367983092,,Delhi,Delhi-1 (West),CMM Name,I-DL-DLHI-ENB-8734,I-DL-DLHI-ENB-E026,,,O & M,NSA,CSS - CSS,Fibre Cut,03-05-2026,03-05-2026 09:41,03-05-2026 09:41,0000-00-00 00:00:00,03-05-2026 14:04,Resolved,High Ageing,"CMP_Interface Down [2]: DELHI TELECOM CIRCLE/Delhi-1 (West);Link: CSS_CSS : IPOF :; Down Since:2026-05-03 09:31:49.000000
 $$ [CSS_CSS]I-DL-DLHI-ENB-8734<->I-DL-DLHI-ENB-E026;[AG2_OLT]I-DL-DLHI-ESC-8008<->I-DL-DLHI-AG2-0017 $$ 

PR TBFC_P1 - Interface down Affected:4 [DOWN:0,THREAT:4] CSS_CSS: IPOF : between I-DL-DLHI-ENB-8734 DLHIIARFESR002-BD355-TenGigabitEthernet0/0/11 and I-DL-DLHI-ENB-E026 DLHIIARCESR001-BD354-TenGigabitEthernet0/0/10[SHADIPUR and ] CMP -  Delhi-1 West  Delhi-4 North  since 2026-05-03 09:31:49.0 ; 
@ DOWN[], THREAT[], Linked_Tickets:[LINK1: DL-49717137-MI],spur:'0',,is_fork:0,fork_parent_information:None,spur_media_type:None,parent : ['hostname' = 'DLHIIARFESR002','sap_id' = 'I-DL-DLHI-ENB-8734','interface_name' = 'BD355','port' = 'TenGigabitEthernet0/0/11','link' = 'DLHIIARFESR002_DLHIIARCESR001','link_no' = 16368014],path_information : (P1 = (ticket_id = 49717137,link = DLHIIARFESR002_DLHIIARCESR001,ticket_type = THREAT,down_type = LINK,outage_start_time = 2026-05-03 09:31:49,outage_created_time = 2026-05-03 09:33:43)),TBFCKEY_49717137, #IFDOWN-CSS_CSS_IPOF#,ticket_nature : IPOF
Fttx:Fiber Cut Between AG2 to OLT: IPOF : | INDLDLHIIARANB0003ESCOLT001_NT-A:SFP-2 | I-DL-DLHI-ESC-8008 | 10.0.234.76 | DDA MARKET  RANJEET NAGAR and INDLDLHISDPKNB0001MA2AAR001_TENGIGE0/1/1/5 | I-DL-DLHI-AG2-0017 | 49.44.0.164 | Kirti Nagar
[Link 1:INDLDLHIIARANB0003ESCOLT001_NT-A:SFP-2 | I-DL-DLHI-ESC-8008 | 10.0.234.76 | NA and INDLDLHISDPKNB0001MA2AAR001_TENGIGE0/1/1/5 | I-",4.53,00:09,,Intracity,North,Own,Intracity IP Access,,INDLDLHIIARFNB0005ENBESR001,1.00172E+11,,NULL,,3,May-26,WK-18'26,TTR>4Hrs
2026WK-18'26,2026,WK-18'26,IM367918127,,Delhi,Delhi-3 (Central-East),CMM Name,I-DL-GZBD-AG2-0003,I-DL-DLHI-ENB-1347,,,O & M,NSA,AG2-OLTE (FTTX),Fibre Cut,02-05-2026,02-05-2026 22:52,02-05-2026 22:52,0000-00-00 00:00:00,03-05-2026 23:35,Resolved,Restored by double joint,"cmp change
From: Ankit7 Upadhyay 
Sent: Wednesday, May 6, 2026 1:57 PM
To: Ishwar4 Sharma <Ishwar4.Sharma@ril.com>; Praveen28 Sharma <Praveen28.Sharma@ril.com>; Jio NOCOFCIntracity <Jio.NOCOFCIntracity@ril.com>
Cc: Vishal K Agrawal <vishal.k.agrawal@ril.com>; Sunil Katoch <Sunil.Katoch@ril.com>; Lokesh Tiwari <Lokesh.Tiwari@ril.com>
Subject: RE: Shift Below TT No.-IM367496870, IM367918127, IM368237621 & IM368305483 from Ghaziabad (NCR) to Delhi-3 (Central East)

Ok approved

From: Ishwar4 Sharma <Ishwar4.Sharma@ril.com> 
Sent: 06 May 2026 13:54
To: Ankit7 Upadhyay <Ankit7.Upadhyay@ril.com>; Praveen28 Sharma <Praveen28.Sharma@ril.com>; Jio NOCOFCIntracity <Jio.NOCOFCIntracity@ril.com>
Cc: Vishal K Agrawal <vishal.k.agrawal@ril.com>; Sunil Katoch <Sunil.Katoch@ril.com>; Lokesh Tiwari <Lokesh.Tiwari@ril.com>
Subject: RE: Shift Below TT No.-IM367496870, IM367918127, IM368237621 & IM368305483 from Ghaziabad (NCR) to Delhi-3 (Central East)

Dear Team
 
Please approve for shifting below TT from Ghaziabad (NCR) to Delhi-3 (Central East).

Sr No	TT No.	Link	Span Name	Event Date	Clear Date
1	IM367496870	I-DL-GZBD-AG2-0003	I-DL-DLHI-AG1-4408	01-05-2026 00:21	01-05-2026 11:58
2	IM367918127	I-DL-GZBD-AG2-0003	I-DL-DLHI-ENB-1347	02-05-2026 22:46	02-05-2026 23:31
3	IM368237621	I-DL-GZBD-AG2-0003	I-DL-DLHI-ENB-1345	04-05-2026 14:36	04-05-2026 16:35
4	IM368305483	I-DL-GZBD-AG2-0003	I-DL-DLHI-AG1-4408	04-05-2026 20:17	05-05-2026 14:17

Regards
Ishwar Sharma
931540225",24.8,00:06,Access issue,Intercity,North,Own,Intercity IP Core,,INDLLONISERYNB0001MA2AAR001,1.00171E+11,,NULL,,3,May-26,WK-18'26,TTR>4Hrs
2026WK-18'26,2026,WK-18'26,IM368873909,,Delhi,Noida (NCR),CMM Name,I-DL-NOID-IBS-0086,I-DL-NOID-AG1-4432,,,O & M,NSA,AG1 - CSS,Fibre Cut,07-05-2026,07-05-2026 12:20,07-05-2026 12:20,0000-00-00 00:00:00,07-05-2026 23:05,Resolved,Restored by double joint,"RFO: cable cut at 5.1km from I-DL-NOID-AG1-4432 during drainage JCB work , restored by dj/200 mtr cable added , permanent /288 f /live f-34
Delay due to cable was partially damaged and ongoing work
CMP_Interface Down [4]: DELHI TELECOM CIRCLE/Noida (NCR);Link: AG1_CSS : IPOF :; Down Since:2026-05-07 12:14:38.000000
 $$ [AG1_CSS]I-DL-NOID-IBS-0086<->I-DL-NOID-AG1-4432;[AG2_OLT]I-DL-NOID-FSA-2866<->I-UW-NOID-AG2-0001;[OLT_OLT]I-DL-NOID-FSA-282Y<->I-DL-NOID-FSA-2729;[OLT_OLT]I-DL-NOID-ENB-1829<->I-DL-NOID-ENB-9069 $$ 

PR TBFC_P1 - Interface down Affected:1 [DOWN:0,THREAT:1] AG1_CSS: IPOF : between I-DL-NOID-IBS-0086 NOIDBSKHESR012-BD355-TenGigabitEthernet0/0/9 and I-DL-NOID-AG1-4432 NOIDRZJPPAR001-BD332-GigabitEthernet0/2/6[Village Roza Jalalpur and ] CMP -  Noida NCR  since 2026-05-07 12:14:38.0 ; 
@ DOWN[], THREAT[], Linked_Tickets:[LINK1: DL-49847071-MI],spur:'0',,is_fork:0,fork_parent_information:None,spur_media_type:None,parent : ['hostname' = 'NOIDBSKHESR012','sap_id' = 'I-DL-NOID-IBS-0086','interface_name' = 'BD355','port' = 'TenGigabitEthernet0/0/9','link' = 'NOIDBSKHESR012_NOIDRZJPPAR001','link_no' = ''],path_information : (P1 = (ticket_id = 49847071,link = NOIDBSKHESR012_NOIDRZJPPAR001,ticket_type = THREAT,down_type = LINK,outage_start_time = 2026-05-07 12:14:38,outage_created_time = 2026-05-07 12:17:04)),TBFCKEY_49847071, #IFDOWN-AG1_CSS_IPOF#,ticket_nature : IPOF
Fttx:Fiber Cut Between AG2 to OLT: IPOF : | INDLNOIDAMRDNB0034FSAOLT001_NT-A:SFP-1 | I-DL-NOID-FS",10.83,00:06,,Intracity,North,Own,Intracity IP Access,,INDLNOIDRZJPCR0001SM1PAR001,1.00171E+11,,NULL,,7,May-26,WK-18'26,TTR>4Hrs
2026WK-18'26,2026,WK-18'26,IM368158926,,Delhi,Delhi-1 (West),CMM Name,I-DL-GRGN-ENB-0357,I-DL-DLHI-ENB-2679,,,O & M,NSA,AG1 - CSS,Fibre Cut,04-05-2026,04-05-2026 07:35,04-05-2026 07:35,0000-00-00 00:00:00,04-05-2026 12:16,Resolved,High Ageing,"From: Mahipal8 Singh <Mahipal8.Singh@ril.com>
Sent: Monday, May 4, 2026 1:46 PM
To: Jio NOCOFCIntracity <Jio.NOCOFCIntracity@ril.com>
Cc: Lokesh Tiwari <Lokesh.Tiwari@ril.com>; Kishan14 Singh <Kishan14.Singh@ril.com>; Sachin Tanwar <Sachin.Tanwar@ril.com>; Mahesh4 Verma <Mahesh4.Verma@ril.com>; Kamlesh1 Soni <Kamlesh1.Soni@ril.com>
Subject: Re: cmp change required gurgaon to delh-1 west
 
Dear team,

Please transfer ticket Gurgaon to Dehli-1 west, approval given in trail mail.
________________________________________
From: Kishan14 Singh <Kishan14.Singh@ril.com>
Sent: Monday, May 4, 2026 12:48 PM
To: Mahipal8 Singh <Mahipal8.Singh@ril.com>; Kamlesh1 Soni <Kamlesh1.Soni@ril.com>
Cc: Lokesh Tiwari <Lokesh.Tiwari@ril.com>; Sachin Tanwar <Sachin.Tanwar@ril.com>; Mahesh4 Verma <Mahesh4.Verma@ril.com>
Subject: RE: cmp change required gurgaon to delh-1 west
 
ok
 
Thanks & Regards
Kishan Singh
FiberEngineer
CMP- Delhi-1 (West)
🕿 +91-8368917962
✉  kishan14.singh@ril.com
 
 
 
 
From: Mahipal8 Singh <Mahipal8.Singh@ril.com>
Sent: Monday, May 4, 2026 12:29 PM
To: Kishan14 Singh <Kishan14.Singh@ril.com>; Kamlesh1 Soni <Kamlesh1.Soni@ril.com>
Cc: Lokesh Tiwari <Lokesh.Tiwari@ril.com>; Sachin Tanwar <Sachin.Tanwar@ril.com>; Mahesh4 Verma <Mahesh4.Verma@ril.com>
Subject: cmp change required gurgaon to delh-1 west
 
Dear team ,
 
Kindly change cmp Gurgaon to delhi-1 west .
 
@kishan plz approve for cmp change .
 
IM3680",4.88,00:12,,Intracity,North,Own,Intracity IP Access,,INDLGRGNGRGSNB0001MA1PAR002,1.00172E+11,,NULL,,4,May-26,WK-18'26,TTR>4Hrs
2026WK-18'26,2026,WK-18'26,IM368253491,,Delhi,Delhi-4 (North),CMM Name,I-DL-DLHI-ENB-3854,I-DL-DLHI-ENB-6383,,,O & M,NSA,AG1 - CSS,Fibre Cut,04-05-2026,04-05-2026 16:01,04-05-2026 16:01,0000-00-00 00:00:00,04-05-2026 17:41,Resolved,Restored by single joint,"CMP_Interface Down [2]: DELHI TELECOM CIRCLE/Delhi-4 (North);Link: AG1_CSS : IPOF :; Down Since:2026-05-04 15:52:30.000000
 $$ [AG1_CSS]I-DL-DLHI-ENB-3854<->I-DL-DLHI-ENB-6383;[AG2_OLT]I-DL-DLHI-ENB-7145<->I-DL-DLHI-AG2-0019 $$ 

PR TBFC_P1 - Interface down Affected:5 [DOWN:0,THREAT:5] AG1_CSS: IPOF : between I-DL-DLHI-ENB-3854 DLHIVJYVESR008-Te0/0/0/24-Te0/0/0/24 and I-DL-DLHI-ENB-6383 DLHIMAMDPAR001-Te0/4/6-Te0/4/6[SHARMA COL.BUDH VIHAR and ] CMP -  Delhi-4 North  since 2026-05-04 15:52:30.0 ; 
@ DOWN[], THREAT[], Linked_Tickets:[LINK1: DL-49753411-MI],spur:'0',,is_fork:0,fork_parent_information:None,spur_media_type:None,parent : ['hostname' = 'DLHIVJYVESR008','sap_id' = 'I-DL-DLHI-ENB-3854','interface_name' = 'Te0/0/0/24','port' = 'Te0/0/0/24','link' = 'DLHIVJYVESR008_DLHIMAMDPAR001','link_no' = 2922186],path_information : (P1 = (ticket_id = 49753411,link = DLHIVJYVESR008_DLHIMAMDPAR001,ticket_type = THREAT,down_type = LINK,outage_start_time = 2026-05-04 15:52:30,outage_created_time = 2026-05-04 15:55:05)),TBFCKEY_49753411, #IFDOWN-AG1_CSS_IPOF#,ticket_nature : IPOF
Fttx:Fiber Cut Between AG2 to OLT: IPOF : | INDLDLHIVJYVNB0019ENBOLT001_NT-A:SFP-2 | I-DL-DLHI-ENB-7145 | 10.0.239.52 | VIJAY VIHAR PH-1 and INDLDLHIRNSRNB0001MA2AAR001_TENGIGE0/1/1/4 | I-DL-DLHI-AG2-0019 | 49.44.0.162 | Mangolpuri
[Link 1:INDLDLHIVJYVNB0019ENBOLT001_NT-A:SFP-2 | I-DL-DLHI-ENB-7145 | 10.0.239.52 | NA and INDLDLHIRNSRNB0001MA2AAR001_TENGIGE0/1/1/4 | I-DL-DLHI-AG2-0019 | 49.44.0.162 | Mango",1.82,00:09,,Intracity,North,Own,Intracity IP Access,Permanent,INDLDLHIMAMDTW6001MA1PAR001,1.00172E+11,,NULL,,4,May-26,WK-18'26,TTR<4Hrs
2026WK-18'26,2026,WK-18'26,IM368600888,,Delhi,Gurgaon (NCR),CMM Name,Jaipur-DelhiI#1,Gurgaon-Faridabad Sec-21,,,O & M,NSA,Core- Coll- MC- POI- RFMS,Fibre Cut,06-05-2026,0000-00-00 00:00:00,06-05-2026 05:49,06-05-2026 17:00,06-05-2026 15:14,Resolved,Restored by single joint,"As per Mr Mahipal +919315402269 OWN Aerial Fiber Cut Due to EB Pole Break due to Truck accident at OTDR 32 km From Gurgaon Restored By Fiber Spliced With Single Joint Delay due to NHAI Permission issue…
Affected Service	LinkName	SpanName	Power Levels	Service Up	Is High Loss ?
Core	Jaipur-DelhiI#1	Gurgaon-Faridabad Sec-21			
No
Core Power
Gurgaon (1-2/1-15-1)	Faridabad Sec-21 (1-2/1-15-2)
 	Line	OSC	ORL	Line	OSC	ORL
Rx	-3.90	-33.40	34.60	-10.80	-33.10	45.20
Tx	16.40	-5.90	32.20	19.30	-5.70	35.10
SpanName	LER	Prev. Losses	Line	OSC Cal	OSC
Gurgaon-Faridabad Sec-21	25.26		27.20	27.20	24.64
Faridabad Sec-21-Gurgaon	25.26		23.20	27.70	23.52
Collector	Jaipur-DelhiI#1	Gurgaon-Faridabad Sec-21	 2867		
No
Span Name	LER	SpanLoss	Egress	Ingress	Status
Gurgaon - Sec 21 faridabad	24.58	26.87	13.25	-13.62	-
Sec 21 faridabad - Gurgaon	24.58	24.8	09.30	-15.50	-
MetroCore	Delhi Metro Core	Sohna Road-Sec-21 Faridabad	 326		
No
Span Name	LER	SpanLoss	Egress	Ingress	Status
Sohna road - Faridabad sec-21	11.89	13.19	11.11	-02.08	-
Faridabad sec-21 - Sohna road	11.89	14.66	14.66	00.00	-
MetroCore	Delhi Super MetroCore	Faridabad_CDCF-Sohana Road_CDCF	 8713		
No
Span Name	LER	SpanLoss	Egress	Ingress	Status
Faridabad cdcf - Sohana road cdcf	17.68	17.11	10.59	-06.52	-
Sohana road cdcf - Faridabad cdcf	17.68	15.27	19.69	04.42	-
",9.55,00:08,NHAI expansion work,Intercity,North,Own,Transport,Permanent,DLFDBDDLGRGNSPQ002_BU,1.00172E+11,,NULL,,6,May-26,WK-18'26,TTR>4Hrs
2026WK-18'26,2026,WK-18'26,IM367520498,,Delhi,Delhi-2 (South),CMM Name,I-DL-DLHI-ENB-2279,I-DL-DLHI-AG2-0009,,,O & M,NSA,AG2-OLTE (FTTX),Fibre Cut,01-05-2026,01-05-2026 04:02,01-05-2026 04:02,0000-00-00 00:00:00,01-05-2026 07:50,Resolved,Restored by single joint,"CMP_Interface Down [1]: DELHI TELECOM CIRCLE/Delhi-2 (South);Link: AG2_OLT : IPOF :; Down Since:2026-05-01 03:54:25.000000
 $$ [AG2_OLT]I-DL-DLHI-ENB-2279<->I-DL-DLHI-AG2-0009 $$ 

Fttx:Fiber Cut Between AG2 to OLT: IPOF : | INDLDLHIGTKLNB0010ENBOLT001_NT-A:SFP-1 | I-DL-DLHI-ENB-2279 | 10.1.11.148 | Greater Kailash and INDLDLHICHPKNB0001MA2AAR001_TENGIGE0/2/1/7 | I-DL-DLHI-AG2-0009 | 49.44.0.153 | Tribhuwan Complex-Nehru Place Option
[Link 1:INDLDLHIGTKLNB0010ENBOLT001_NT-A:SFP-1 | I-DL-DLHI-ENB-2279 | 10.1.11.148 | Greater Kailash and INDLDLHICHPKNB0001MA2AAR001_TENGIGE0/2/1/7 | I-DL-DLHI-AG2-0009 | 49.44.0.153 | Tribhuwan Complex-Nehru Place Option]
 Loss of signal on nt-a:xfp:1 | Site Friendly Name :: Greater Kailash | SAP ID :: I-DL-DLHI-ENB-2279 | INDLDLHIGTKLNB0010ENBOLT001
 Customer on Threat :: 785 and Enterprise customer on threat= 6 
CorrelatedAlarms :di_n_fttx_nokia:3595319412",3.92,00:07,Others,Intercity,North,Own,Intercity IP Core,Permanent,INDLDLHIGTKLNB0010ENBOLT001,1.00172E+11,,NULL,,1,May-26,WK-18'26,TTR<4Hrs
2026WK-18'26,2026,WK-18'26,IM368343455,,Delhi,Delhi-4 (North),CMM Name,I-DL-DLHI-ENB-2615,I-DL-DLHI-ENB-0642,,,O & M,NSA,AG1 - AG1,Fibre Cut,05-05-2026,05-05-2026 00:29,05-05-2026 00:29,0000-00-00 00:00:00,05-05-2026 12:04,Resolved,Restored by double joint,"CMP_Interface Down [2]: DELHI TELECOM CIRCLE/Delhi-4 (North);Link: AG1_AG1 : IPOF :; Down Since:2026-05-05 00:27:06.000000
 $$ [AG1_AG1]I-DL-DLHI-ENB-2615<->I-DL-DLHI-ENB-0642
DLHIJNKPPAR001/TenGigabitEthernet0/4/0
DLHINNAPPAR001/TenGigabitEthernet0/4/0;[AG1_CSS]I-DL-DLHI-ENB-2615<->I-DL-DLHI-ENB-4382 $$ 

Interface down AG1_AG1 Total :1,10G:1,100G:0,400G:0: IPOF : between I-DL-DLHI-ENB-2615 and I-DL-DLHI-ENB-0642[Shahjda Bagh & MOTI NAGAR ] since 2026-05-05 00:27:06
 PR ALARM : Interface down AG1_AG1 SO6-CO Total :1,10G:1,100G:0,400G:0 Rg:N Between Site : DLHIJNKPPAR001 port TenGigabitEthernet0/4/0; AND DLHINNAPPAR001 port Port-Channel11-Fiber;MaintenancePoint - Delhi-4 (North);SAPID - I-DL-DLHI-ENB-2615;DESTINATION_SAPID - I-DL-DLHI-ENB-0642
DLHIJNKPPAR001/TenGigabitEthernet0/4/0
DLHINNAPPAR001/TenGigabitEthernet0/4/0
PR TBFC_P1 - Interface down Affected:5 [DOWN:0,THREAT:5] AG1_CSS: IPOF : between I-DL-DLHI-ENB-2615 DLHIJNKPPAR001-Te0/4/7-Te0/4/7 and I-DL-DLHI-ENB-4382 DLHIDCMKESR002-Te0/0/11-Te0/0/11[Shahjda Bagh and ] CMP -  Delhi-1 West  since 2026-05-05 00:29:24.0 ; 
@ DOWN[], THREAT[], Linked_Tickets:[LINK1: DL-49769341-MI],spur:'0',,is_fork:0,fork_parent_information:None,spur_media_type:None,parent : ['hostname' = 'DLHIJNKPPAR001','sap_id' = 'I-DL-DLHI-ENB-2615','interface_name' = 'Te0/4/7','port' = 'Te0/4/7','link' = 'DLHIJNKPPAR001_DLHIDCMKESR002','link_no' = 16535138],path_information : (P1 = (ticket_id = 49769341,link = DLHIJNKPPAR001_DLHIDCMKESR002,tick",11.62,00:02,,Intercity,North,Own,Intercity IP Core,,INDLDLHIJNKPNB0001MA1PAR001,1.00172E+11,,NULL,,5,May-26,WK-18'26,TTR>4Hrs
2026WK-18'26,2026,WK-18'26,IM367559166,,Delhi,Faridabad (NCR),CMM Name,I-DL-FDBD-AG2-0003,I-DL-DLHI-ENB-2526,,,O & M,NSA,AG2 - AG1,Fibre Cut,01-05-2026,01-05-2026 09:00,01-05-2026 09:00,0000-00-00 00:00:00,01-05-2026 14:24,Resolved,Restored by single joint,"as per lokendra +919983045407 // own fiber // SJ // cut reason cable cut by MCF Team // otdr 1.8 km from I-DL-FDBD-AG2-0003 //96F/40Lf // permanenet //
CMP_Interface Down [6]: DELHI TELECOM CIRCLE/Faridabad (NCR);Link: AG2_AG1 : IPOF :; Down Since:2026-05-01 08:50:29.000000
 $$ [AG2_AG1]I-DL-FDBD-AG2-0003<->I-DL-DLHI-ENB-2526
FDBDGDCLAAR001/TenGigE0/0/0/12
FDBDGDCLAAR001/TenGigE0/0/0/12
FDBDGDCLAAR001/TenGigE0/0/0/12
DLHIFTPBPAR001/TenGigabitEthernet0/1/8
DLHIFTPBPAR001/TenGigabitEthernet0/1/8;[AG2_AG1]I-DL-FDBD-ENB-3659<->I-DL-FDBD-AG2-0003
FDBDBDKHPAR001/TenGigE0/4/0/0
FDBDGDCLAAR001/TenGigE0/1/0/5
FDBDGDCLAAR001/TenGigE0/0/0/15
FDBDGDCLAAR001/Bundle-Ether1500
FDBDBDKHPAR001/Bundle-Ether1
FDBDBDKHPAR001/TenGigE0/2/0/0
FDBDGDCLAAR001/TenGigE0/1/0/5
FDBDGDCLAAR001/TenGigE0/0/0/15
FDBDGDCLAAR001/Bundle-Ether1500;[AG2_AG1]I-DL-FDBD-AG2-0003<->I-DL-FDBD-ENB-6071
FDBDGDCLAAR001/TenGigE0/2/0/11
FDBDGDCLAAR001/TenGigE0/2/0/11
FDBDPRATPAR001/TenGigabitEthernet0/0/4;[AG2_AG1]I-DL-FDBD-AG1-4401<->I-DL-FDBD-AG2-0003
FDBDANGPPAR003/TenGigabitEthernet0/0/1
FDBDGDCLAAR001/TenGigE0/2/0/12
FDBDGDCLAAR001/TenGigE0/2/0/12;[AG2_OLT]I-DL-FDBD-ENB-2619<->I-DL-FDBD-AG2-0003;[OLT_OLT]I-DL-FDBD-FSA-2954<->I-DL-FDBD-FSA-2958 $$ 

Interface down AG2_AG1 Total :1,10G:1,100G:0,400G:0 between Sector 21 C/D and Village Manger since 2026-05-01 08:50:29
 PR ALARM : Interface down AG2_AG1 SO6-NA Total :1,10G:1,100G:0,400G:0 Rg:N Between Site : FDBDGDCLAAR001 port TenGigE0/0/0/12; AN",5.55,00:10,Others,Intercity,North,Own,Intercity IP Core,,INDLFDBDGDCLNB0001MA2AAR001,1.00171E+11,,NULL,,1,May-26,WK-18'26,TTR>4Hrs
2026WK-18'26,2026,WK-18'26,IM368465819,,Delhi,Faridabad (NCR),CMM Name,I-DL-BLBG-ENB-0057,I-HR-FDBD-AG2-0002,,,O & M,NSA,AG2 - AG1,Fibre Cut,05-05-2026,05-05-2026 13:54,05-05-2026 13:54,0000-00-00 00:00:00,06-05-2026 03:32,Resolved,Restored by double joint,"as per lokendra +919983045407 //dj // 200 meter // cut reason cable cut in HDD power cable // otdr 2 km from I-DL-BLBG-ENB-0057 // 96 F /8LF // temporary // delay permission issue 
CMP_Interface Down [9]: DELHI TELECOM CIRCLE/Faridabad (NCR);Link: AG2_AG1 : IPOF :; Down Since:2026-05-05 13:45:15.000000
 $$ [AG2_AG1]I-DL-BLBG-ENB-0057<->I-HR-FDBD-AG2-0002
BLBGFDBCPAR002/TenGigabitEthernet0/0/1
FDBDSHS9AAR001/TenGigE0/3/1/19
FDBDSHS9AAR001/TenGigE0/3/1/19
FDBDSHS9AAR001/TenGigE0/3/1/18
FDBDSHS9AAR001/Bundle-Ether1618
FDBDSHS9AAR001/TenGigE0/3/1/18
FDBDSHS9AAR001/Bundle-Ether1618;[AG1_AG1]I-DL-BLBG-ENB-6006<->I-DL-FDBD-AG1-3224
BLBGFDBCPAR001/TenGigabitEthernet0/4/7
FDBDFRDDPAR001/TenGigabitEthernet0/4/7
BLBGFDBCPAR001/TenGigabitEthernet0/4/0
FDBDFRDDPAR001/TenGigabitEthernet0/4/0;[AG1_CSS]I-DL-BLBG-ENB-0047<->I-DL-BLBG-ENB-6006;[AG1_CSS]I-DL-BLBG-ENB-6006<->I-DL-BLBG-ENB-6005;[AG1_CSS]I-DL-BLBG-ENB-6006<->I-DL-BLBG-ENB-W012;[AG1_CSS]I-DL-BLBG-ENB-6006<->I-DL-BLBG-ENB-A007;[AG1_CSS]I-DL-BLBG-ENB-6006<->I-DL-FDBD-ENB-I159;[AG1_CSS]I-DL-BLBG-ENB-6006<->I-DL-BLBG-ENB-6009;[AG2_OLT]I-DL-FDBD-FSA-3012<->I-HR-FDBD-AG2-0002 $$ 

Interface down AG2_AG1 Total :1,10G:1,100G:0,400G:0: IPOF : between I-DL-BLBG-ENB-0057 and I-HR-FDBD-AG2-0002[Shiv Mandir; Sec-3 & Faridabad ] since 2026-05-05 13:45:15
 PR ALARM : Interface down AG2_AG1 SO6-NA Total :1,10G:1,100G:0,400G:0 Rg:N Between Site : BLBGFDBCPAR002 port TenGigabitEthernet0/0/1; AND FDBDSHS9AAR001 port TenGigE0/3/1/19-Fi",13.77,00:09,,Intercity,North,Own,Intercity IP Core,,INDLBLBGFDBCTW0002MA1PAR001,1.00172E+11,,NULL,,6,May-26,WK-18'26,TTR>4Hrs
2026WK-18'26,2026,WK-18'26,IM367838670,,Delhi,Delhi-2 (South),CMM Name,I-DL-DLHI-ENB-6840,I-DL-DLHI-AG2-0009,,,O & M,NSA,AG2-OLTE (FTTX),Fibre Cut,02-05-2026,02-05-2026 15:34,02-05-2026 15:34,0000-00-00 00:00:00,03-05-2026 00:05,Resolved,Restored by resplicing,"CMP_Interface Down [3]: DELHI TELECOM CIRCLE/Delhi-2 (South);Link: AG2_OLT : IPOF :; Down Since:2026-05-02 15:28:16.000000
 $$ [AG2_OLT]I-DL-DLHI-ENB-6840<->I-DL-DLHI-AG2-0009;[OLT_OLT]I-DL-DLHI-FSA-1444<->I-DL-DLHI-ENB-2237 $$ 

Fttx:Fiber Cut Between AG2 to OLT: IPOF : | INDLDLHIGTKBNB6001ENBOLT001_NT-A:SFP-1 | I-DL-DLHI-ENB-6840 | 10.1.1.244 | GK 2 E Block and INDLDLHICHPKNB0001MA2AAR001_TENGIGE0/0/1/14 | I-DL-DLHI-AG2-0009 | 49.44.0.153 | Tribhuwan Complex-Nehru Place Option
[Link 1:INDLDLHIGTKBNB6001ENBOLT001_NT-A:SFP-1 | I-DL-DLHI-ENB-6840 | 10.1.1.244 | GK 2 E Block and INDLDLHICHPKNB0001MA2AAR001_TENGIGE0/0/1/14 | I-DL-DLHI-AG2-0009 | 49.44.0.153 | Tribhuwan Complex-Nehru Place Option]
 Loss of signal on nt-a:xfp:1 | Site Friendly Name :: GK 2 E Block | SAP ID :: I-DL-DLHI-ENB-6840 | INDLDLHIGTKBNB6001ENBOLT001
 Customer on Threat :: 1300 and Enterprise customer on threat= 6 
CorrelatedAlarms :di_n_fttx_nokia:3600348774
Fttx:Fiber Cut Between OLT to OLT: IPOF : | INDLDLHIDKSHNB1926FSAOLT001_NT-A:SFP-1 | I-DL-DLHI-FSA-1444 | 10.0.233.180 | Dakshin Puri_1444 and INDLDLHIGTKBNB0002ENBOLT001_NT-B:XFP:1 | I-DL-DLHI-ENB-2237 | 10.1.2.12 | M-Block Market, New Delhi
[Link 1:INDLDLHIDKSHNB1926FSAOLT001_NT-A:SFP-1 | I-DL-DLHI-FSA-1444 | 10.0.233.180 | NA and INDLDLHIGTKBNB0002ENBOLT001_NT-B:XFP:1 | I-DL-DLHI-ENB-2237 | 10.1.2.12 | M-Block Market, New Delhi,  Link 2:INDLDLHIGTKBNB0002ENBOLT001_NT-B:SFP-1 | I-DL-DLHI-ENB-2237 | 10.1.2.12 | M-Block Market, New Delhi and I",8.62,00:06,,Intercity,North,Own,Intercity IP Core,,INDLDLHIGTKBNB6001ENBOLT001,1.00172E+11,,NULL,,3,May-26,WK-18'26,TTR>4Hrs
2026WK-18'26,2026,WK-18'26,IM368664833,,Delhi,Delhi-1 (West),CMM Name,I-DL-DLHI-ENB-6598,I-DL-DLHI-ENB-093A,,,O & M,NSA,AG1 - CSS,Fibre Cut,06-05-2026,06-05-2026 12:47,06-05-2026 12:47,0000-00-00 00:00:00,07-05-2026 05:42,Resolved,Restored by double joint,"CMP_Interface Down [2]: DELHI TELECOM CIRCLE/Delhi-1 (West);Link: AG1_CSS : IPOF :; Down Since:2026-05-06 12:35:47.000000
 $$ [AG1_CSS]I-DL-DLHI-ENB-6598<->I-DL-DLHI-ENB-093A;[CSS_CSS]I-DL-DLHI-ENB-A134<->I-DL-DLHI-ENB-3232 $$ 

PR TBFC_P1 - Interface down Affected:2 [DOWN:0,THREAT:2] AG1_CSS: IPOF : between I-DL-DLHI-ENB-6598 DLHINRINPAR001-Te0/4/5-Te0/4/5 and I-DL-DLHI-ENB-093A DLHIJNKBESR007-Te0/0/11-Te0/0/11[Gram Sabha Colony Nilothi and ] CMP -  Delhi-1 West  since 2026-05-06 12:35:47.0 ; 
@ DOWN[], THREAT[], Linked_Tickets:[LINK1: DL-49816655-MI],spur:'0',,is_fork:0,fork_parent_information:None,spur_media_type:None,parent : ['hostname' = 'DLHINRINPAR001','sap_id' = 'I-DL-DLHI-ENB-6598','interface_name' = 'Te0/4/5','port' = 'Te0/4/5','link' = 'DLHINRINPAR001_DLHIJNKBESR007','link_no' = 11219937],path_information : (P1 = (ticket_id = 49816655,link = DLHINRINPAR001_DLHIJNKBESR007,ticket_type = THREAT,down_type = LINK,outage_start_time = 2026-05-06 12:35:47,outage_created_time = 2026-05-06 12:37:53)),TBFCKEY_49816655, #IFDOWN-AG1_CSS_IPOF#,ticket_nature : IPOF
PR TBFC_P1 - Interface down Affected:9 [DOWN:0,THREAT:9] CSS_CSS: IPOF : between I-DL-DLHI-ENB-A134 DLHITLGPESR002-Te0/0/0/24-Te0/0/0/24 and I-DL-DLHI-ENB-3232 DLHIJNKBESR003-BD355-TenGigabitEthernet0/0/11[Himgiri Enclave(Relo and ] CMP -  Delhi-1 West  since 2026-05-06 12:35:46.0 ; 
@ DOWN[], THREAT[], Linked_Tickets:[LINK1: DL-49816650-MI],spur:'0',,is_fork:0,fork_parent_information:None,spur_media_type:None,p",17.1,00:11,,Intracity,North,Own,Intracity IP Access,,INDLDLHINRINNB6001MA1PAR001,TBD,,NULL,,7,May-26,WK-18'26,TTR>4Hrs
2026WK-18'26,2026,WK-18'26,IM368903813,,Delhi,Gurgaon (NCR),CMM Name,I-DL-GRGN-FSA-3251,I-DL-GRGN-AG2-0002,,,O & M,NSA,AG2-OLTE (FTTX),Fibre Cut,07-05-2026,07-05-2026 14:49,07-05-2026 14:49,0000-00-00 00:00:00,07-05-2026 21:44,Resolved,Restored by single joint,"CMP_Interface Down [3]: DELHI TELECOM CIRCLE/Gurgaon (NCR);Link: AG2_OLT : IPOF :; Down Since:2026-05-07 14:42:36.000000
 $$ [AG2_OLT]I-DL-GRGN-FSA-3251<->I-DL-GRGN-AG2-0002;[AG2_OLT]I-DL-GRGN-ENB-0404<->I-DL-GRGN-AG2-0004;[OLT_OLT]I-DL-GRGN-ENB-0472<->I-DL-GRGN-ENB-4271 $$ 

Fttx:Fiber Cut Between AG2 to OLT: IPOF : | INDLGRGNGGDFNB2948FSAOLT001_NT-A:SFP-1 | I-DL-GRGN-FSA-3251 | 10.0.229.124 | Sec-46 Gurgaon_3251 and INDLGRGNDL43NB0001MA2AAR001_TENGIGE0/1/0/14 | I-DL-GRGN-AG2-0002 | 49.44.0.171 | Dlf Phase-1
[Link 1:INDLGRGNGGDFNB2948FSAOLT001_NT-A:SFP-1 | I-DL-GRGN-FSA-3251 | 10.0.229.124 | Sec-46 Gurgaon_3251 and INDLGRGNDL43NB0001MA2AAR001_TENGIGE0/1/0/14 | I-DL-GRGN-AG2-0002 | 49.44.0.171 | Dlf Phase-1]
 Loss of signal on nt-a:xfp:1 | Site Friendly Name :: Sec-46 Gurgaon_3251 | SAP ID :: I-DL-GRGN-FSA-3251 | INDLGRGNGGDFNB2948FSAOLT001
 Customer on Threat :: 217 and Enterprise customer on threat= 1 
CorrelatedAlarms :di_n_fttx_nokia:3617995475
Fttx:Fiber Cut Between AG2 to OLT: IPOF : | INDLGRGNGGDGTW0001ENBOLT001_NT-A:SFP-2 | I-DL-GRGN-ENB-0404 | 10.1.8.212 | Sec-47 Gurgaon and INDLGRGNSEC4NB0001MA2AAR001_TENGIGE0/2/1/15 | I-DL-GRGN-AG2-0004 | 49.44.0.173 | Sector-4 Gurgaon
[Link 1:INDLGRGNGGDGTW0001ENBOLT001_NT-A:SFP-2 | I-DL-GRGN-ENB-0404 | 10.1.8.212 | Sec-47,Gurgaon and INDLGRGNSEC4NB0001MA2AAR001_TENGIGE0/2/1/15 | I-DL-GRGN-AG2-0004 | 49.44.0.173 | Sector-4 Gurgaon]
 Loss of signal on nt-a:xfp:2 | Site Friendly Name :: Sec-47 Gurgaon | SAP ID :: I-DL-GRGN",7.02,00:07,,Intercity,North,Own,Intercity IP Core,,INDLGRGNGGDFNB2948FSAOLT001,1.00171E+11,,NULL,,7,May-26,WK-18'26,TTR>4Hrs
2026WK-18'26,2026,WK-18'26,IM368255827,,Delhi,Delhi-1 (West),CMM Name,I-DL-DLHI-ENB-4361,I-DL-DLHI-ENB-4360,,,O & M,NSA,CSS - CSS,Fibre Cut,04-05-2026,04-05-2026 16:15,04-05-2026 16:15,0000-00-00 00:00:00,04-05-2026 19:46,Resolved,High Ageing,"CMP_Interface Down [2]: DELHI TELECOM CIRCLE/Delhi-1 (West);Link: CSS_CSS : IPOF :; Down Since:2026-05-04 16:03:38.000000
 $$ [CSS_CSS]I-DL-DLHI-ENB-4361<->I-DL-DLHI-ENB-4360 $$ 

PR TBFC_P1 - Interface down Affected:6 [DOWN:0,THREAT:6] CSS_CSS: IPOF : between I-DL-DLHI-ENB-4361 DLHINGPLESR003-BD354-TenGigabitEthernet0/0/10 and I-DL-DLHI-ENB-4360 DLHINGPLESR004-BD355-TenGigabitEthernet0/0/11[MITROAN EXTN.,NAJAFGARH and ] CMP -  Delhi-1 West  since 2026-05-04 16:03:38.0 ; 
@ DOWN[], THREAT[], Linked_Tickets:[LINK1: DL-49753710-MI],spur:'0',,is_fork:0,fork_parent_information:None,spur_media_type:None,parent : ['hostname' = 'DLHINGPLESR003','sap_id' = 'I-DL-DLHI-ENB-4361','interface_name' = 'BD354','port' = 'TenGigabitEthernet0/0/10','link' = 'DLHINGPLESR003_DLHINGPLESR004','link_no' = 20258417],path_information : (P1 = (ticket_id = 49753710,link = DLHINGPLESR003_DLHINGPLESR004,ticket_type = THREAT,down_type = LINK,outage_start_time = 2026-05-04 16:03:38,outage_created_time = 2026-05-04 16:06:06)),TBFCKEY_49753710, #IFDOWN-CSS_CSS_IPOF#,ticket_nature : IPOF",3.7,00:12,,Intracity,North,Own,Intracity IP Access,,INDLDLHINGPLTW0001ENBESR001,1.00172E+11,,NULL,,4,May-26,WK-18'26,TTR<4Hrs
2026WK-18'26,2026,WK-18'26,IM368317844,,Delhi,Noida (NCR),CMM Name,I-DL-NOID-ENB-2960,I-DL-NOID-AG2-0003,,,O & M,NSA,AG2-OLTE (FTTX),Fibre Cut,04-05-2026,04-05-2026 21:41,04-05-2026 21:41,0000-00-00 00:00:00,05-05-2026 11:13,Resolved,Restored by double joint,"As  per Atul Cable Burnt at 20km From From Ag2 end. Restored by Double Joint 200M Cable Added Fiber tyoe 288F.
CMP_Interface Down [1]: DELHI TELECOM CIRCLE/Noida (NCR);Link: AG2_OLT : IPOF :; Down Since:2026-05-04 21:33:14.000000
 $$ [AG2_OLT]I-DL-NOID-ENB-2960<->I-DL-NOID-AG2-0003 $$ 

Fttx:Fiber Cut Between AG2 to OLT: IPOF : | INDLNOIDNDAETW0003ENBOLT001_NT-A:SFP-2 | I-DL-NOID-ENB-2960 | 10.1.15.156 | C/50 HOSIERY COMPLEX and INDLNOIDRPKHNB0001MA2AAR001_TENGIGE0/2/1/1 | I-DL-NOID-AG2-0003 | 49.44.0.150 | Sec-46 Noida
[Link 1:INDLNOIDNDAETW0003ENBOLT001_NT-A:SFP-2 | I-DL-NOID-ENB-2960 | 10.1.15.156 | C/50,HOSIERY COMPLEX and INDLNOIDRPKHNB0001MA2AAR001_TENGIGE0/2/1/1 | I-DL-NOID-AG2-0003 | 49.44.0.150 | Sec-46 Noida]
 Loss of signal on nt-a:xfp:2 | Site Friendly Name :: C/50 HOSIERY COMPLEX | SAP ID :: I-DL-NOID-ENB-2960 | INDLNOIDNDAETW0003ENBOLT001
 Customer on Threat :: 1065 and Enterprise customer on threat= 35 
CorrelatedAlarms :di_n_fttx_nokia:3609334704",13.67,00:07,Municipal Corporation permission issue,Intercity,North,Own,Intercity IP Core,Permanent,INDLNOIDNDAETW0003ENBOLT001,1.0017E+11,,NULL,,5,May-26,WK-18'26,TTR>4Hrs
2026WK-18'26,2026,WK-18'26,IM368722904,,Delhi,Delhi-2 (South),CMM Name,Delhi Super MetroCore,Okhala JCN_CDCF-Sarita Vihar_CDCF,,,O & M,NSA,MetroCore,Fibre Cut,06-05-2026,0000-00-00 00:00:00,06-05-2026 17:44,07-05-2026 03:00,07-05-2026 03:00,Resolved,Restored by double joint,"UG Own Fiber cut at 2.6km from -Sarita Vihar due to rail work Fiber spliced with Double Joint , 40m cable added delay due to railway police  issue 
as per +917426805291 chabe .. 
MetroCore	Delhi Super MetroCore	Okhala JCN_CDCF-Sarita Vihar_CDCF	 11747		
No
Span Name	LER	SpanLoss	Egress	Ingress	Status
Okhla jcn - Sarita vihar	11	10.28	06.53	-03.75	-
Sarita vihar - Okhla jcn	11	12.21	06.98	-05.23	-
MetroCore	Delhi Metro Core Express DC	Sarita Vihar-Nehru Place EX DC	 10292		
No
Span Name	LER	SpanLoss	Egress	Ingress	Status
Nehru place mag2 exp dc - Sarita vihar mag2	16.01	13.25	15.44	02.19	-
Sarita vihar mag2 - Nehru place mag2 exp dc	16.01	11.66	15.05	03.39	-
",9.4,00:07,Police Issue,Intercity,North,Own,Transport,Permanent,DLHI_0028,1.00171E+11,,NULL,,7,May-26,WK-18'26,TTR>4Hrs
2026WK-18'26,2026,WK-18'26,IM367904944,,Delhi,Delhi-2 (South),CMM Name,I-DL-DLHI-ENB-6433,I-DL-DLHI-ENB-1920,,,O & M,NSA,AG1 - CSS,Fibre Cut,02-05-2026,02-05-2026 21:29,02-05-2026 21:29,0000-00-00 00:00:00,03-05-2026 01:56,Resolved,Restored by single joint,"CMP_Interface Down [2]: DELHI TELECOM CIRCLE/Delhi-2 (South);Link: AG1_CSS : IPOF :; Down Since:2026-05-02 21:19:16.000000
 $$ [AG1_CSS]I-DL-DLHI-ENB-6433<->I-DL-DLHI-ENB-1920;[CSS_CSS]I-DL-DLHI-ENB-1887<->I-DL-DLHI-ENB-1903 $$ 

PR TBFC_P1 - Interface down Affected:4 [DOWN:0,THREAT:4] AG1_CSS: IPOF : between I-DL-DLHI-ENB-6433 DLHIKTWRESR001-BD354-TenGigabitEthernet0/0/10 and I-DL-DLHI-ENB-1920 DLHIKLSIPAR001-Te0/3/0/3-Te0/3/0/3[Kalu Sarai,Hauz Khas and ] CMP -  Delhi-2 South  since 2026-05-02 21:19:16.0 ; 
@ DOWN[], THREAT[], Linked_Tickets:[LINK1: DL-49705927-MI],spur:'0',,is_fork:0,fork_parent_information:None,spur_media_type:None,parent : ['hostname' = 'DLHIKTWRESR001','sap_id' = 'I-DL-DLHI-ENB-6433','interface_name' = 'BD354','port' = 'TenGigabitEthernet0/0/10','link' = 'DLHIKTWRESR001_DLHIKLSIPAR001','link_no' = 18334382],path_information : (P1 = (ticket_id = 49705927,link = DLHIKTWRESR001_DLHIKLSIPAR001,ticket_type = THREAT,down_type = LINK,outage_start_time = 2026-05-02 21:19:16,outage_created_time = 2026-05-02 21:21:18)),TBFCKEY_49705927, #IFDOWN-AG1_CSS_IPOF#,ticket_nature : IPOF
PR TBFC_P1 - Interface down Affected:5 [DOWN:0,THREAT:5] CSS_CSS: IPOF : between I-DL-DLHI-ENB-1887 DLHISJYVESR002-BD354-TenGigabitEthernet0/0/10 and I-DL-DLHI-ENB-1903 DLHIQTBIESR001-BD355-TenGigabitEthernet0/0/11[QUTUB INSTITUTIONAL AREA and ] CMP -  Delhi-2 South  since 2026-05-02 21:19:17.0 ; 
@ DOWN[], THREAT[], Linked_Tickets:[LINK1: DL-49705929-MI],spur:'0',,is_fork:0,fork_par",4.62,00:10,,Intracity,North,Own,Intracity IP Access,,INDLDLHIKLSINB0001MA1PAR001,1.00172E+11,,NULL,,3,May-26,WK-18'26,TTR>4Hrs
2026WK-18'26,2026,WK-18'26,IM368828409,,Delhi,Delhi-3 (Central-East),CMM Name,I-DL-DLHI-AG2-0012,I-DL-DLHI-ENB-6551,,,O & M,NSA,AG2 - AG1,Fibre Cut,07-05-2026,07-05-2026 07:57,07-05-2026 07:57,0000-00-00 00:00:00,07-05-2026 11:11,Resolved,Restored by single joint,"CMP_Interface Down [5]: DELHI TELECOM CIRCLE/Delhi-3 (Central-East);Link: AG2_AG1 : IPOF :; Down Since:2026-05-07 07:49:56.000000
 $$ [AG2_AG1]I-DL-DLHI-AG2-0012<->I-DL-DLHI-ENB-6551
DLHIPDNGAAR001/TenGigE0/0/0/10
DLHIPDNGAAR001/TenGigE0/0/0/10
DLHIPDNGAAR001/TenGigE0/0/0/8
DLHINRDMPAR001/TenGigabitEthernet0/0/0
DLHIPDNGAAR001/Bundle-Ether1608
DLHIPDNGAAR001/TenGigE0/0/0/8;[AG2_OLT]I-DL-DLHI-ENB-1363<->I-DL-DLHI-AG2-0005;[AG2_OLT]I-DL-DLHI-ENB-6586<->I-DL-DLHI-AG2-0012;[OLT_OLT]I-DL-DLHI-ENB-0552<->I-DL-DLHI-ESC-8112;[OLT_OLT]I-DL-DLHI-FSA-0963<->I-DL-DLHI-AG1-1576 $$ 

Interface down AG2_AG1 Total :2,10G:2,100G:0,400G:0 between Mayur Vihar and Rashid Market Patparganj Raod since 2026-05-07 07:49:56
 PR ALARM : Interface down AG2_AG1 SO6-CO Total :2,10G:2,100G:0,400G:0 Rg:N Between Site : DLHIPDNGAAR001 port TenGigE0/0/0/10; AND DLHINRDMPAR001 port Port-Channel1-ETH;MaintenancePoint - Delhi-3 (Central-East);SAPID - I-DL-DLHI-AG2-0012;DESTINATION_SAPID - I-DL-DLHI-ENB-6551
DLHIPDNGAAR001/TenGigE0/0/0/10
DLHIPDNGAAR001/TenGigE0/0/0/10
DLHIPDNGAAR001/TenGigE0/0/0/8
DLHINRDMPAR001/TenGigabitEthernet0/0/0
DLHIPDNGAAR001/Bundle-Ether1608
DLHIPDNGAAR001/TenGigE0/0/0/8
Fttx:Fiber Cut Between AG2 to OLT: IPOF : | INDLDLHIGETLTW0001ENBOLT001_NT-A:SFP-1 | I-DL-DLHI-ENB-1363 | 10.1.18.236 | PATPARGANJ and INDLDLHIVWNGNB0001MA2AAR001_TENGIGE0/2/1/1 | I-DL-DLHI-AG2-0005 | 49.44.0.145 | Anand Vihar
[Link 1:INDLDLHIGETLTW0001ENBOLT001_NT-A:SFP-1 | I-DL-DLHI-ENB-1363 | 10.1.",3.35,00:08,,Intercity,North,Own,Intercity IP Core,,INDLDLHIPDNGNB0001MA2AAR001,1.00169E+11,,NULL,,7,May-26,WK-18'26,TTR<4Hrs
2026WK-18'26,2026,WK-18'26,IM368076871,,Delhi,Gurgaon (NCR),CMM Name,I-DL-GRGN-AG1-4432,I-DL-XXXX-COW-0311,,,O & M,NSA,AG1 - CSS,Fibre Cut,03-05-2026,03-05-2026 18:49,03-05-2026 18:49,0000-00-00 00:00:00,04-05-2026 12:22,Resolved,Restored by double joint,"mttn update
remove reff tt IM368073801
CMP_Interface Down [4]: DELHI TELECOM CIRCLE/Gurgaon (NCR);Link: AG1_CSS : IPOF :; Down Since:2026-05-03 18:45:57.000000
 $$ [AG1_CSS]I-DL-GRGN-AG1-4432<->I-DL-XXXX-COW-0311;[AG1_CSS]I-DL-GRGN-AG1-4432<->I-DL-DLHI-ENB-A515;[AG1_CSS]I-DL-GRGN-AG1-4432<->I-DL-GRGN-ENB-I297;[AG1_CSS]I-DL-XXXX-COW-0307<->I-DL-GRGN-AG1-4432 $$ 

PR TBFC_P1 - Interface down Affected:6 [DOWN:0,THREAT:6] AG1_CSS: IPOF : between I-DL-GRGN-AG1-4432 GRGNHRSBPAR001-Te0/4/3-Te0/4/3 and I-DL-XXXX-COW-0311 DLCOW000ESR515-Te0/0/11-Te0/0/11[Huda Market and ] CMP -  Gurgaon NCR  Delhi-1 West  since 2026-05-03 18:45:57.0 ; 
@ DOWN[], THREAT[], Linked_Tickets:[LINK1: DL-49730604-MI],spur:'0',,is_fork:0,fork_parent_information:None,spur_media_type:None,parent : ['hostname' = 'GRGNHRSBPAR001','sap_id' = 'I-DL-GRGN-AG1-4432','interface_name' = 'Te0/4/3','port' = 'Te0/4/3','link' = 'GRGNHRSBPAR001_DLCOW000ESR515','link_no' = 14488549],path_information : (P1 = (ticket_id = 49730604,link = GRGNHRSBPAR001_DLCOW000ESR515,ticket_type = SA,down_type = LINK,outage_start_time = 2026-05-03 18:45:57,outage_created_time = 2026-05-03 19:14:42)),TBFCKEY_49730604, #IFDOWN-AG1_CSS_IPOF#,ticket_nature : IPOF
PR TBFC_P1 - Interface down Affected:8 [DOWN:0,THREAT:8] AG1_CSS: IPOF : between I-DL-GRGN-AG1-4432 GRGNHRSBPAR001-Te0/4/7-Te0/4/7 and I-DL-DLHI-ENB-A515 DLHIRTLAESR002-Te0/0/11-Te0/0/11[Huda Market and ] CMP -  Delhi-1 West  Gurgaon NCR  since 2026-05-03 18:46:00.0 ; 
@ DOWN[], TH",17.6,00:03,,Intracity,North,Own,Intracity IP Access,,INDLGRGNHRSBCR0001SM1PAR001,1.00171E+11,,NULL,,4,May-26,WK-18'26,TTR>4Hrs
2026WK-18'26,2026,WK-18'26,IM368122428,,Delhi,Noida (NCR),CMM Name,I-DL-NOID-FSA-282L,I-DL-NOID-AG2-0003,,,O & M,NSA,AG2-OLTE (FTTX),Fibre Cut,04-05-2026,04-05-2026 02:05,04-05-2026 02:05,0000-00-00 00:00:00,04-05-2026 13:08,Resolved,Restored by double joint,"CMP_Interface Down [1]: DELHI TELECOM CIRCLE/Noida (NCR);Link: AG2_OLT : IPOF :; Down Since:2026-05-04 01:58:12.000000
 $$ [AG2_OLT]I-DL-NOID-FSA-282L<->I-DL-NOID-AG2-0003 $$ 

Fttx:Fiber Cut Between AG2 to OLT: IPOF : | INDLNOIDUYGHNB0105FSAOLT001_NT-A:SFP-2 | I-DL-NOID-FSA-282L | 10.0.243.244 | Nirdosh Sharma  Sagar Industries  Plot No 135  Udhyog Kendra-2  Eco tech-3  G Noida 28.535265/77.469398 8802335381 and INDLNOIDRPKHNB0001MA2AAR001_TENGIGE0/2/1/5 | I-DL-NOID-AG2-0003 | 49.44.0.150 | Sec-46 Noida
[Link 1:INDLNOIDUYGHNB0105FSAOLT001_NT-A:SFP-2 | I-DL-NOID-FSA-282L | 10.0.243.244 | NA and INDLNOIDRPKHNB0001MA2AAR001_TENGIGE0/2/1/5 | I-DL-NOID-AG2-0003 | 49.44.0.150 | Sec-46 Noida]
 Loss of signal on nt-a:xfp:2 | Site Friendly Name :: Nirdosh Sharma  Sagar Industries  Plot No 135  Udhyog Kendra-2  Eco tech-3  G Noida 28.535265/77.469398 8802335381 | SAP ID :: I-DL-NOID-FSA-282L | INDLNOIDUYGHNB0105FSAOLT001
 Customer on Threat :: 1401 and Enterprise customer on threat= 4 
CorrelatedAlarms :di_n_fttx_nokia:3605734050",11.17,00:07,,Intercity,North,Own,Intercity IP Core,,INDLNOIDUYGHNB0105FSAOLT001,1.00169E+11,,NULL,,4,May-26,WK-18'26,TTR>4Hrs
2026WK-18'26,2026,WK-18'26,IM368465027,,Delhi,Delhi-3 (Central-East),CMM Name,Delhi Metro Core,Conaught Place-Anand Vihar,,,O & M,NSA,MetroCore,Fibre Cut,05-05-2026,0000-00-00 00:00:00,05-05-2026 13:50,05-05-2026 17:00,05-05-2026 14:43,Resolved,Restored by single joint,"Own aerial cut due to tree fallen at 5km from Anand Vihar Fiber spliced with Single Joint  dharam pal 919217436721
MetroCore 	Delhi Metro Core 	Conaught Place-Anand Vihar 	348 		
Span Name 	LER 	SpanLoss 	Egress 	Ingress 	Status
Anand vihar - Conaught place 	15 	15.99 	12.24 	-03.75 	-
Conaught place - Anand vihar 	15 	16.23 	14.65 	-01.58 	-
	
MetroCore 	Delhi Metro Access 	Delhi RailTel-Anand Vihar Access 	9025 		
Span Name 	LER 	SpanLoss 	Egress 	Ingress 	Status
Anand vihar access - Railtel pop delhi 	21.5 	22.24 	05.12 	-17.12 	-
Railtel pop delhi - Anand vihar access 	21.5 	19.77 	06.11 	-13.66 	-",1.02,00:08,,Intercity,North,Own,Transport,,DLHI_0049,1.0017E+11,,NULL,,5,May-26,WK-18'26,TTR<4Hrs
2026WK-18'26,2026,WK-18'26,IM368448823,,Delhi,Delhi-3 (Central-East),CMM Name,I-DL-DLHI-AG2-0005,I-DL-DLHI-ENB-1526,,,O & M,NSA,AG2 - AG1,Fibre Cut,05-05-2026,05-05-2026 12:34,05-05-2026 12:34,0000-00-00 00:00:00,05-05-2026 16:16,Resolved,High Ageing,"CMP_Interface Down [2]: DELHI TELECOM CIRCLE/Delhi-3 (Central-East);Link: AG2_AG1 : IPOF :; Down Since:2026-05-05 12:24:53.000000
 $$ [AG2_AG1]I-DL-DLHI-AG2-0005<->I-DL-DLHI-ENB-1526
DLHIVWNGAAR001/TenGigE0/0/0/4
DLHIVHWSPAR001/TenGigabitEthernet0/2/8;[AG2_OLT]I-DL-DLHI-ESC-0722<->I-DL-DLHI-AG2-0005 $$ 

Interface down AG2_AG1 Total :1,10G:1,100G:0,400G:0 between Anand Vihar and Vishwas Nagar since 2026-05-05 12:24:53
 PR ALARM : Interface down AG2_AG1 SO6-CO Total :1,10G:1,100G:0,400G:0 Rg:N Between Site : DLHIVWNGAAR001 port TenGigE0/0/0/4; AND DLHIVHWSPAR001 port Port-Channel1-ETH;MaintenancePoint - Delhi-3 (Central-East);SAPID - I-DL-DLHI-AG2-0005;DESTINATION_SAPID - I-DL-DLHI-ENB-1526
DLHIVWNGAAR001/TenGigE0/0/0/4
DLHIVHWSPAR001/TenGigabitEthernet0/2/8
Fttx:Fiber Cut Between AG2 to OLT: IPOF : | INDLDLHIJWLANB0008FSAOLT001_NT-A:SFP-1 | I-DL-DLHI-ESC-0722 | 10.0.242.220 | JWALA NAGAR and INDLDLHIVWNGNB0001MA2AAR001_TENGIGE0/4/0/3 | I-DL-DLHI-AG2-0005 | 49.44.0.145 | Anand Vihar
[Link 1:INDLDLHIJWLANB0008FSAOLT001_NT-A:SFP-1 | I-DL-DLHI-ESC-0722 | 10.0.242.220 | NA and INDLDLHIVWNGNB0001MA2AAR001_TENGIGE0/4/0/3 | I-DL-DLHI-AG2-0005 | 49.44.0.145 | Anand Vihar]
 Loss of signal on nt-a:xfp:1 | Site Friendly Name :: JWALA NAGAR | SAP ID :: I-DL-DLHI-ESC-0722 | INDLDLHIJWLANB0008FSAOLT001
 Customer on Threat :: 111 and Enterprise customer on threat= 0 
CorrelatedAlarms :di_n_fttx_nokia:3611191678",3.85,00:09,,Intercity,North,Own,Intercity IP Core,,INDLDLHIVWNGNB0001MA2AAR001,1.00169E+11,,NULL,,5,May-26,WK-18'26,TTR<4Hrs
2026WK-18'26,2026,WK-18'26,IM368712053,,Delhi,Delhi-1 (West),CMM Name,I-DL-DLHI-ENB-3172,I-DL-DLHI-ENB-4465,,,O & M,NSA,AG1 - CSS,Fibre Cut,06-05-2026,06-05-2026 16:53,06-05-2026 16:53,0000-00-00 00:00:00,06-05-2026 21:02,Resolved,Restored by double joint,"Own 96fiber cut by BSES team during pole cleaning restored by double joint live 24f


CMP_Interface Down [2]: DELHI TELECOM CIRCLE/Delhi-1 (West);Link: AG1_CSS : IPOF :; Down Since:2026-05-06 16:45:11.000000
 $$ [AG1_CSS]I-DL-DLHI-ENB-3172<->I-DL-DLHI-ENB-4465;[CSS_CSS]I-DL-DLHI-ENB-6991<->I-DL-DLHI-ENB-I0HY $$ 

PR TBFC_P1 - Interface down Affected:4 [DOWN:0,THREAT:4] AG1_CSS: IPOF : between I-DL-DLHI-ENB-3172 DLHIVKSNESR003-Te0/0/11-Te0/0/11 and I-DL-DLHI-ENB-4465 DLHIKRVAPAR002-Te0/4/5-Te0/4/5[Sector-5,Mohan Garden and ] CMP -  Delhi-1 West  since 2026-05-06 16:45:11.0 ; 
@ DOWN[], THREAT[], Linked_Tickets:[LINK1: DL-49823422-MI],spur:'0',,is_fork:0,fork_parent_information:None,spur_media_type:None,parent : ['hostname' = 'DLHIVKSNESR003','sap_id' = 'I-DL-DLHI-ENB-3172','interface_name' = 'Te0/0/11','port' = 'Te0/0/11','link' = 'DLHIVKSNESR003_DLHIKRVAPAR002','link_no' = 4202537],path_information : (P1 = (ticket_id = 49823422,link = DLHIVKSNESR003_DLHIKRVAPAR002,ticket_type = THREAT,down_type = LINK,outage_start_time = 2026-05-06 16:45:11,outage_created_time = 2026-05-06 16:47:07)),TBFCKEY_49823422, #IFDOWN-AG1_CSS_IPOF#,ticket_nature : IPOF
PR TBFC_P1 - Interface down Affected:7 [DOWN:0,THREAT:7] CSS_CSS: IPOF : between I-DL-DLHI-ENB-6991 DLHIKRVAESR007-Te0/0/0/25-Te0/0/0/25 and I-DL-DLHI-ENB-I0HY DLHIVKSNESR002-BD354-TenGigabitEthernet0/0/10[Mohan Garden and ] CMP -  Delhi-1 West  since 2026-05-06 16:44:24.0 ; 
@ DOWN[], THREAT[], Linked_Tickets:[LINK1: DL-498234",4.28,00:07,,Intracity,North,Own,Intracity IP Access,Permanent,INDLDLHIKRVANB0003SM1PAR001,1.00172E+11,,NULL,,6,May-26,WK-18'26,TTR>4Hrs
2026WK-18'26,2026,WK-18'26,IM368729902,,Delhi,Delhi-4 (North),CMM Name,I-DL-DLHI-ENB-1223,I-DL-DLHI-AG2-0010,,,O & M,NSA,AG2 - AG1,Fibre Cut,06-05-2026,06-05-2026 18:22,06-05-2026 18:22,0000-00-00 00:00:00,07-05-2026 04:32,Resolved,Restored by single joint,":- Own fiber cable damage due to high rise vehicle , OTDR Trace is 800 Meter  from I-DL-DLHI-ENB-1158,
            Permanent restored with single joint, Live Fiber is 12 & Cable Type is 96,
            Delay due to Police Permission Issue

CMP_Interface Down [2]: DELHI TELECOM CIRCLE/Delhi-4 (North);Link: AG2_AG1 : IPOF :; Down Since:2026-05-06 18:13:14.000000
 $$ [AG2_AG1]I-DL-DLHI-ENB-1223<->I-DL-DLHI-AG2-0010
DLHINNGPPAR001/TenGigE0/4/0/0
DLHIOTRMAAR001/TenGigE0/0/1/15
DLHIOTRMAAR001/Bundle-Ether1500
DLHIOTRMAAR001/Bundle-Ether1500
DLHINNGPPAR001/Bundle-Ether1500;[AG2_OLT]I-DL-DLHI-ESC-7932<->I-DL-DLHI-AG2-0010 $$ 

Interface down AG2_AG1 Total :1,10G:1,100G:0,400G:0: IPOF : between I-DL-DLHI-ENB-1223 and I-DL-DLHI-AG2-0010[Vill-Nangli Puna & Model Town (Gujrawala Town) ] since 2026-05-06 18:13:14
 PR ALARM : Interface down AG2_AG1 SO6-CO Total :1,10G:1,100G:0,400G:0 Rg:N Between Site : DLHINNGPPAR001 port TenGigE0/4/0/0; AND DLHIOTRMAAR001 port TenGigabitEthernet0/0/0/15-ETH;MaintenancePoint - Delhi-4 (North);SAPID - I-DL-DLHI-ENB-1223;DESTINATION_SAPID - I-DL-DLHI-AG2-0010
DLHINNGPPAR001/TenGigE0/4/0/0
DLHIOTRMAAR001/TenGigE0/0/1/15
DLHIOTRMAAR001/Bundle-Ether1500
DLHIOTRMAAR001/Bundle-Ether1500
DLHINNGPPAR001/Bundle-Ether1500
Fttx:Multiple_Fiber Cut Between AG2 to OLT: IPOF : | INDLDLHIRHCGNB0015ESCOLT001_NT-A:SFP-1 | I-DL-DLHI-ESC-7932 |  | SHARDANAN COLONY and INDLDLHIOTRMNB0001MA2AAR001_TENGIGE0/2/1/14 | I-DL-DLHI-AG2-0010 | 49.44.0.158 | Model Tow",10.32,00:09,,Intercity,North,Own,Intercity IP Core,,INDLDLHINNGPNB0001MA1PAR001,1.00172E+11,,NULL,,7,May-26,WK-18'26,TTR>4Hrs
2026WK-18'26,2026,WK-18'26,IM368639304,,Delhi,Delhi-2 (South),CMM Name,I-DL-FDBD-ENB-A001,I-DL-DLHI-ENB-4422,,,O & M,NSA,AG1 - CSS,Fibre Cut,06-05-2026,06-05-2026 10:27,06-05-2026 10:27,0000-00-00 00:00:00,07-05-2026 06:50,Resolved,Restored by single joint,"CMP_Interface Down [1]: DELHI TELECOM CIRCLE/Delhi-2 (South);Link: AG1_CSS : IPOF :; Down Since:2026-05-06 10:18:36.000000
 $$ [AG1_CSS]I-DL-FDBD-ENB-A001<->I-DL-DLHI-ENB-4422 $$ 

PR TBFC_P1 - Interface down Affected:5 [DOWN:0,THREAT:5] AG1_CSS: IPOF : between I-DL-FDBD-ENB-A001 FDBDSRHWESR001-Te0/0/10-Te0/0/10 and I-DL-DLHI-ENB-4422 DLHIMOLBPAR002-Te0/4/6-Te0/4/6[GOLF ROAD,MOLARBAND EXTN and ] CMP -  Faridabad NCR  since 2026-05-06 10:18:36.0 ; 
@ DOWN[], THREAT[], Linked_Tickets:[LINK1: DL-49813040-MI],spur:'0',,is_fork:0,fork_parent_information:None,spur_media_type:None,parent : ['hostname' = 'FDBDSRHWESR001','sap_id' = 'I-DL-FDBD-ENB-A001','interface_name' = 'Te0/0/10','port' = 'Te0/0/10','link' = 'FDBDSRHWESR001_DLHIMOLBPAR002','link_no' = 16940838],path_information : (P1 = (ticket_id = 49813040,link = FDBDSRHWESR001_DLHIMOLBPAR002,ticket_type = THREAT,down_type = LINK,outage_start_time = 2026-05-06 10:18:36,outage_created_time = 2026-05-06 10:21:04)),TBFCKEY_49813040, #IFDOWN-AG1_CSS_IPOF#,ticket_nature : IPOF",20.52,00:08,,Intracity,North,Own,Intracity IP Access,,INDLDLHIMOLBNB0002SM1PAR001,1.00172E+11,,NULL,,7,May-26,WK-18'26,TTR>4Hrs
2026WK-18'26,2026,WK-18'26,IM368823748,,Delhi,Delhi-4 (North),CMM Name,I-DL-DLHI-ENB-I0MK,I-DL-DLHI-ENB-4754,,,O & M,NSA,CSS - CSS,Fibre Cut,07-05-2026,07-05-2026 07:25,07-05-2026 07:25,0000-00-00 00:00:00,07-05-2026 12:36,Resolved,High Ageing,"CMP_Interface Down [1]: DELHI TELECOM CIRCLE/Delhi-4 (North);Link: CSS_CSS : IPOF :; Down Since:2026-05-07 07:14:44.000000
 $$ [CSS_CSS]I-DL-DLHI-ENB-I0MK<->I-DL-DLHI-ENB-4754 $$ 

PR TBFC_P1 - Interface down Affected:6 [DOWN:0,THREAT:6] CSS_CSS: IPOF : between I-DL-DLHI-ENB-I0MK DLHIMGLEESR003-Te0/0/0/25-Te0/0/0/25 and I-DL-DLHI-ENB-4754 DLCOW000ESR328-BD354-TenGigabitEthernet0/0/10[Mangolpuri - A Block and ] CMP -  Delhi-4 North  since 2026-05-07 07:14:44.0 ; 
@ DOWN[], THREAT[], Linked_Tickets:[LINK1: DL-49840559-MI],spur:'0',,is_fork:0,fork_parent_information:None,spur_media_type:None,parent : ['hostname' = 'DLHIMGLEESR003','sap_id' = 'I-DL-DLHI-ENB-I0MK','interface_name' = 'Te0/0/0/25','port' = 'Te0/0/0/25','link' = 'DLHIMGLEESR003_DLCOW000ESR328','link_no' = 15746335],path_information : (P1 = (ticket_id = 49840559,link = DLHIMGLEESR003_DLCOW000ESR328,ticket_type = THREAT,down_type = LINK,outage_start_time = 2026-05-07 07:14:44,outage_created_time = 2026-05-07 07:17:05)),TBFCKEY_49840559, #IFDOWN-CSS_CSS_IPOF#,ticket_nature : IPOF",5.35,00:11,,Intracity,North,Own,Intracity IP Access,,INDLDLHIMGLENB0005ENBESR001,1.00172E+11,,NULL,,7,May-26,WK-18'26,TTR>4Hrs
2026WK-18'26,2026,WK-18'26,IM368000026,,Delhi,Noida (NCR),CMM Name,I-DL-NOID-AG1-9079,I-DL-NOID-AG2-0003,,,O & M,NSA,AG2 - AG2,Fibre Cut,03-05-2026,03-05-2026 11:25,03-05-2026 11:25,0000-00-00 00:00:00,03-05-2026 18:54,Resolved,Restored by double joint,LINK_DOWN | NOIDRPKHAAR001/TenGigE0/0/1/7 | Port TenGigE0/0/1/7 Description:  # TO-NOIDUYGHPAR003-Port-Channel1-ETH # is down on device 2405:200:204:2:49:44:0:150.: | LINK_DOWN:2405:200:204:2:49:44:0:150:If: TenGigE0/0/1/7##SubAlarm@@_67 #*# NA,7.53,00:03,,Intercity,North,Own,Intercity IP Core,,INDLNOIDUYGHTW0011MA1PAR001,1.00169E+11,,NULL,,3,May-26,WK-18'26,TTR>4Hrs
2026WK-18'26,2026,WK-18'26,IM368857986,,Delhi,Delhi-3 (Central-East),CMM Name,I-DL-DLHI-AG2-0013,I-DL-DLHI-AG2-0013,,,O & M,NSA,AMR-AMR,Fibre Cut,07-05-2026,07-05-2026 11:02,07-05-2026 11:02,0000-00-00 00:00:00,07-05-2026 21:18,Resolved,Restored by double joint,"CMP_Interface Down [2]: DELHI TELECOM CIRCLE/Delhi-3 (Central-East);Link: AMR_AMR : IPOF :; Down Since:2026-05-07 10:52:28.000000
 $$ [AMR_AMR]I-DL-DLHI-AG2-0013;[AMR_AMR]I-DL-DLHI-AG2-0005 $$ 

SPUR Interface down AMR_AMR At Seelampur since 2026-05-07 10:52:28.0 
PR ALARM : Interface down AMR_AMR SO6-NA Rg:N At DLHINNSAAMR001 port GigabitEthernet0/1/1; MaintenancePoint - Delhi-3 (Central-East); SAPID - I-DL-DLHI-AG2-0013
SPUR Interface down AMR_AMR At Anand Vihar since 2026-05-07 10:52:28.0 
PR ALARM : Interface down AMR_AMR SO6-NA Rg:N At DLHIVWNGAMR001 port GigabitEthernet0/2/0; MaintenancePoint - Delhi-3 (Central-East); SAPID - I-DL-DLHI-AG2-0005",10.43,00:10,,Intercity,North,Own,Intercity IP Core,,INDLDLHINNSANB0001MA2AMR001,1.00169E+11,,NULL,,7,May-26,WK-18'26,TTR>4Hrs
2026WK-18'26,2026,WK-18'26,IM367727950,,Delhi,Delhi-3 (Central-East),CMM Name,Delhi Metro Core,P&T Colony-Conaught Place,,,O & M,NSA,MetroCore,Fibre Cut,02-05-2026,0000-00-00 00:00:00,02-05-2026 03:16,02-05-2026 10:30,02-05-2026 08:50,Resolved,Restored by double joint,"aerial Own Fiber cut at 3km from Conaught Place high rise vehicle Fiber spliced with Double Joint , 100m cable added delay due to team not available 
as per sunil917678612072
Span Name	LER	SpanLoss	Egress	Ingress	Status
Conaught place - P n t colony	15.37	13.42	05.13	-08.29	-
P n t colony - Conaught place	16.28	10.64	05.98	-04.66	-
",5.7,00:08,FRT Not available,Intercity,North,Own,Transport,Permanent,0,0,,NULL,,2,May-26,WK-18'26,TTR>4Hrs
2026WK-18'26,2026,WK-18'26,IM368005987,,Delhi,Delhi-1 (West),CMM Name,Delhi Metro Core,RK Puram-Nangal Rai 2,,,O & M,NSA,MetroCore,Fibre Cut,03-05-2026,0000-00-00 00:00:00,03-05-2026 11:57,03-05-2026 20:00,03-05-2026 19:31,Resolved,Restored by single joint,Uptime updated ,7.7,00:07,Others,Intercity,North,Own,Transport,Permanent,DLHI_0066,1.00172E+11,,NULL,,3,May-26,WK-18'26,TTR>4Hrs
2026WK-18'26,2026,WK-18'26,IM368659552,,Delhi,Delhi-2 (South),CMM Name,Delhi Metro Core,Badarpur-Noida Sec 63 East,,,O & M,,MetroCore,Fibre Cut,06-05-2026,0000-00-00 00:00:00,06-05-2026 12:15,07-05-2026 03:00,07-05-2026 01:30,Resolved,Restored by double joint,"as per ramesh +919236874996 own fiber cut due to sevarage line work otdr at 11.5km from Badarpur restored by double joint cable added 350mtr delay due to water logging area 

Span Name 	LER 	SpanLoss 	Egress 	Ingress 	Status
Noida sec 63 east - Badarpur 	17 	13.16 	14.76 	01.60 	-
Badarpur - Noida sec 63 east 	17 	11.63 	15.17 	03.54 	-
	
MetroCore 	Delhi Super MetroCore 	Badarpur_CDCF-Noida Sec 63_CDCF 	12021 		
Span Name 	LER 	SpanLoss 	Egress 	Ingress 	Status
Noida63 ag3 - Badarpur cdcf 	17 	18.16 	17.56 	-00.60 	-
Badarpur cdcf - Noida63 ag3 	17 	18.65 	17.93 	-00.72 	-",13.37,00:07,Water logging,Intercity,North,Own,Transport,Permanent,DLHI_0052,1.00172E+11,,NULL,,7,May-26,WK-18'26,TTR>4Hrs
2026WK-18'26,2026,WK-18'26,IM368419697,,Delhi,Delhi-2 (South),CMM Name,I-DL-DLHI-AG1-4401,I-DL-DLHI-AG1-4428,,,O & M,NSA,AG1 - AG1,Fibre Cut,05-05-2026,05-05-2026 10:27,05-05-2026 10:27,0000-00-00 00:00:00,05-05-2026 17:58,Resolved,Restored by single joint,"Own Fiber Cut in Unplanned JCB Work for Sewarage of PWD, Restored by Single Joint


CMP_Interface Down [7]: DELHI TELECOM CIRCLE/Delhi-2 (South);Link: AG1_AG1 : IPOF :; Down Since:2026-05-05 10:19:07.000000
 $$ [AG1_AG1]I-DL-DLHI-AG1-4401<->I-DL-DLHI-AG1-4428
DLHIOKLBPAR002/TenGigabitEthernet0/1/8
DLHITGLBPAR001/TenGigabitEthernet0/0/1
DLHITGLBPAR001/TenGigabitEthernet0/2/8
DLHIOKLBPAR002/TenGigabitEthernet0/4/0;[AG1_CSS]I-DL-DLHI-ENB-4428<->I-DL-DLHI-ENB-405B;[AG1_CSS]I-DL-DLHI-ENB-4428<->I-DL-DLHI-ENB-9967;[AG1_CSS]I-DL-DLHI-ENB-4428<->I-DL-DLHI-ENB-6869;[AG1_CSS]I-DL-DLHI-ENB-4428<->I-DL-DLHI-ENB-2310;[CSS_CSS]I-DL-DLHI-ENB-9966<->I-DL-DLHI-ENB-V223;[AG2_OLT]I-DL-DLHI-ENB-2307<->I-DL-DLHI-AG2-0009 $$ 

Interface down AG1_AG1 Total :2,10G:2,100G:0,400G:0: IPOF : between I-DL-DLHI-AG1-4401 and I-DL-DLHI-AG1-4428[OKHALA,PHASE-1 & Tuglakabad Village ] since 2026-05-05 10:19:07
 PR ALARM : Interface down AG1_AG1 SO6-CO Total :2,10G:2,100G:0,400G:0 Rg:N Between Site : DLHIOKLBPAR002 port TenGigabitEthernet0/1/8; AND DLHITGLBPAR001 port Te0/0/1-Fiber;MaintenancePoint - Delhi-2 (South);SAPID - I-DL-DLHI-AG1-4401;DESTINATION_SAPID - I-DL-DLHI-AG1-4428
DLHIOKLBPAR002/TenGigabitEthernet0/1/8
DLHITGLBPAR001/TenGigabitEthernet0/0/1
DLHITGLBPAR001/TenGigabitEthernet0/2/8
DLHIOKLBPAR002/TenGigabitEthernet0/4/0
PR TBFC_P1 - Interface down Affected:5 [DOWN:0,THREAT:5] AG1_CSS: IPOF : between I-DL-DLHI-ENB-4428 DLHITGLBPAR001-Te0/4/2-Te0/4/2 and I-DL-DLHI-ENB-405B DLHIOKLBES",7.63,00:08,,Intercity,North,Own,Intercity IP Core,Permanent,INDLDLHIOKLBNB0002SM1PAR001,1.0017E+11,,NULL,,5,May-26,WK-18'26,TTR>4Hrs
2026WK-18'26,2026,WK-18'26,IM368458367,,Delhi,Delhi-4 (North),CMM Name,I-DL-DLHI-ENB-1223,I-DL-DLHI-AG2-0010,,,O & M,NSA,AG2 - AG1,Fibre Cut,05-05-2026,05-05-2026 13:21,05-05-2026 13:21,0000-00-00 00:00:00,06-05-2026 01:06,Resolved,Restored by double joint,"
RFO:- Own Fiber Cable cut due to DJB water Pipeline work , OTDR Trace is 3.5 KM from I-DL-DLHI-ENB-1158,
            Permanent restored with double joint, cable add 200 meter, Live Fiber is 36& Cable Type is 288.
              Delay due to public issue and police permission issue.

CMP_Interface Down [1]: DELHI TELECOM CIRCLE/Delhi-4 (North);Link: AG2_AG1 : IPOF :; Down Since:2026-05-05 13:13:35.000000
 $$ [AG2_AG1]I-DL-DLHI-ENB-1223<->I-DL-DLHI-AG2-0010
DLHINNGPPAR001/TenGigE0/4/0/0
DLHIOTRMAAR001/TenGigE0/0/1/15
DLHIOTRMAAR001/Bundle-Ether1500
DLHIOTRMAAR001/Bundle-Ether1500
DLHINNGPPAR001/Bundle-Ether1500 $$ 

Interface down AG2_AG1 Total :1,10G:1,100G:0,400G:0: IPOF : between I-DL-DLHI-ENB-1223 and I-DL-DLHI-AG2-0010[Vill-Nangli Puna & Model Town (Gujrawala Town) ] since 2026-05-05 13:13:35
 PR ALARM : Interface down AG2_AG1 SO6-CO Total :1,10G:1,100G:0,400G:0 Rg:N Between Site : DLHINNGPPAR001 port TenGigE0/4/0/0; AND DLHIOTRMAAR001 port TenGigabitEthernet0/0/0/15-ETH;MaintenancePoint - Delhi-4 (North);SAPID - I-DL-DLHI-ENB-1223;DESTINATION_SAPID - I-DL-DLHI-AG2-0010
DLHINNGPPAR001/TenGigE0/4/0/0
DLHIOTRMAAR001/TenGigE0/0/1/15
DLHIOTRMAAR001/Bundle-Ether1500
DLHIOTRMAAR001/Bundle-Ether1500
DLHINNGPPAR001/Bundle-Ether1500",11.88,00:08,,Intercity,North,Own,Intercity IP Core,,INDLDLHINNGPNB0001MA1PAR001,1.00172E+11,,NULL,,6,May-26,WK-18'26,TTR>4Hrs
2026WK-18'26,2026,WK-18'26,IM367593509,,Delhi,Delhi-3 (Central-East),CMM Name,I-DL-DLHI-ENB-4409 ,I-DL-DLHI-ENB-1390 ,,,O & M,NSA,AG1 - CSS,Fibre Cut,01-05-2026,01-05-2026 18:11,01-05-2026 18:15,0000-00-00 00:00:00,02-05-2026 01:24,Resolved,Restored by double joint,"To close below mentioned TT under Fiber Cut, As Oh got partially damaged during High Rise Vehicle at  1km from I-DL-DLHI-ENB-4409,
Delay due to multiple swapping in Joint closure.
Link is restored by double joint// 96f//Live-18F.

PR TBFC_P2 - Interface down Affected:4 [DOWN:4,THREAT:0] AG1_CSS:  : between I-DL-DLHI-ENB-1417 DLHIBBNGPAR001-Te0/2/0/4-Te0/2/0/4 and I-DL-DLHI-ENB-9867  DLHISHVIESR003-Te0/0/10-Te0/0/10[Mahalaxmi enclave and ] CMP -  Delhi-3 Central-East  since 2026-05-01 11:52:40.0 ; PR TBFC_P1 - Interface down Affected:4 [DOWN:0,THREAT:4] AG1_CSS: IPOF : between I-DL-DLHI-ENB-4409 DLHIBRJPPAR001-Te0/4/1-Te0/4/1 and I-DL-DLHI-ENB-1390 DLHICHMNESR001-Te0/0/11-Te0/0/11[BRIJPURI and ] CMP -  Delhi-3 Central-East  since 2026-05-01 09:19:13.0   ['IM367564568'];
@ DOWN:[ 1:I-DL-DLHI-ENB-9867 DLHISHVIESR003,2:I-DL-DLHI-ENB-6557 DLHINHVHESR004,3:I-DL-DLHI-ENB-396B DLHISHHVESR011,4:I-DL-DLHI-ENB-1390 DLHICHMNESR001], THREAT[]; VENDORSL2= [] HOSTNAMEL2= [], Linked_Tickets:[LINK:1: DL-49658153-MI,2: DL-49662195-MI,],spur:'0',,is_fork:0,fork_parent_information:None,spur_media_type:None,parent : ['hostname' = 'DLHIBBNGPAR001','sap_id' = 'I-DL-DLHI-ENB-1417','interface_name' = 'Te0/2/0/4','port' = 'Te0/2/0/4','link' = 'DLHIBBNGPAR001_DLHISHVIESR003','link_no' = 17149875],path_information : (P1 = (ticket_id = 49658153,link = DLHIBRJPPAR001_DLHICHMNESR001,ticket_type = THREAT,down_type = LINK,outage_start_time = 2026-05-01 09:19:13,outage_created_time = 2026-05-01 09:21:23)",7.2,00:04,,Intracity,North,Own,Intracity IP Access,,INDLDLHIBBNGNB0001AG1PAR001,1.00172E+11,,NULL,,2,May-26,WK-18'26,TTR>4Hrs
2026WK-18'26,2026,WK-18'26,IM367876209,,Delhi,Delhi-4 (North),CMM Name,I-DL-DLHI-ENB-9076,I-DL-DLHI-ENB-4485,,,O & M,NSA,AG1 - CSS,Fibre Cut,02-05-2026,02-05-2026 16:01,02-05-2026 16:11,0000-00-00 00:00:00,03-05-2026 14:02,Resolved,Restored by double joint,"
RFO:- Own  Fiber cable cut due to DJB JCB  Sewerage work  , OTDR Trace is 250 Meter from I-DL-DLHI-ENB-A030,Permanent restored with double joint, Live Fiber is 10 & Cable Type is 96. delay due to delay due to heavy rain....


CMP_Interface Down [2]: DELHI TELECOM CIRCLE/Delhi-4 (North);Link: AG1_CSS : IPOF :; Down Since:2026-05-02 16:01:36.000000
 $$ [AG1_CSS]I-DL-DLHI-ENB-9076<->I-DL-DLHI-ENB-4485;[CSS_CSS]I-DL-DLHI-ENB-3950<->I-DL-DLHI-ENB-A030 $$ 

PR TBFC_P1 - Interface down Affected:7 [DOWN:0,THREAT:7] AG1_CSS: IPOF : between I-DL-DLHI-ENB-9076 DLHIBRGRESR005-Te0/0/11-Te0/0/11 and I-DL-DLHI-ENB-4485 DLHIIDPLPAR001-Te0/5/0/7-Te0/5/0/7[Kaushik Enclave,Burari and ] CMP -  Delhi-4 North  since 2026-05-02 16:01:36.0 ; 
@ DOWN[], THREAT[], Linked_Tickets:[LINK1: DL-49697002-MI],spur:'0',,is_fork:0,fork_parent_information:None,spur_media_type:None,parent : ['hostname' = 'DLHIBRGRESR005','sap_id' = 'I-DL-DLHI-ENB-9076','interface_name' = 'Te0/0/11','port' = 'Te0/0/11','link' = 'DLHIBRGRESR005_DLHIIDPLPAR001','link_no' = 19421218],path_information : (P1 = (ticket_id = 49697002,link = DLHIBRGRESR005_DLHIIDPLPAR001,ticket_type = THREAT,down_type = LINK,outage_start_time = 2026-05-02 16:01:36,outage_created_time = 2026-05-02 16:03:04)),TBFCKEY_49697002, #IFDOWN-AG1_CSS_IPOF#,ticket_nature : IPOF
PR TBFC_P1 - Interface down Affected:7 [DOWN:0,THREAT:7] CSS_CSS: IPOF : between I-DL-DLHI-ENB-3950 DLHINDIDESR003-Te0/0/0/25-Te0/0/0/25 and I-DL-DLHI-ENB-A030 DLHINDIDESR001-BD354",22,00:10,,Intracity,North,Own,Intracity IP Access,,INDLDLHIIDPLCR0001SM1PAR001,1.00172E+11,,NULL,,3,May-26,WK-18'26,TTR>4Hrs
2026WK-18'26,2026,WK-18'26,IM368886509,,Delhi,Delhi-1 (West),CMM Name,I-DL-DLHI-ENB-2925,I-DL-DLHI-AG2-0018,,,O & M,NSA,AG2-OLTE (FTTX),Fibre Cut,07-05-2026,07-05-2026 13:28,07-05-2026 13:28,0000-00-00 00:00:00,07-05-2026 17:47,Resolved,High Ageing,"From: Kishan14 Singh 
Sent: 08 May 2026 10:18
To: Ankit7 Upadhyay <Ankit7.Upadhyay@ril.com>; Praveen28 Sharma <Praveen28.Sharma@ril.com>; Jio NOCOFCIntracity <Jio.NOCOFCIntracity@ril.com>
Cc: Sunil Katoch <Sunil.Katoch@ril.com>
Subject: Re: IM368906410//IM368886509 CMP changes to Delhi-1 (west).

Ok

Get Outlook for Android
________________________________________
From: Ankit7 Upadhyay <Ankit7.Upadhyay@ril.com>
Sent: Friday, May 8, 2026 10:12:08 AM
To: Praveen28 Sharma <Praveen28.Sharma@ril.com>; Jio NOCOFCIntracity <Jio.NOCOFCIntracity@ril.com>; Kishan14 Singh <Kishan14.Singh@ril.com>
Cc: Sunil Katoch <Sunil.Katoch@ril.com>
Subject: RE: IM368906410//IM368886509 CMP changes to Delhi-1 (west). 
 
Hi Team 
Please approve 
 
From: Praveen28 Sharma <Praveen28.Sharma@ril.com> 
Sent: 07 May 2026 15:48
To: Jio NOCOFCIntracity <Jio.NOCOFCIntracity@ril.com>; Kishan14 Singh <Kishan14.Singh@ril.com>
Cc: Sunil Katoch <Sunil.Katoch@ril.com>; Ankit7 Upadhyay <Ankit7.Upadhyay@ril.com>
Subject: IM368906410//IM368886509 CMP changes to Delhi-1 (west).
 
Dear Team,
 
CMP changes Required To Delhi-1( West).
@Kishan14 Singh bhai Pls approve.
 
DL	Delhi-3 (Central-East)	IM368906410	OWN	I-DL-DLHI-ENB-7115 - I-DL-DLHI-AG2-0018	AG1 - AG1	07-05-2026 14:45
DL	Delhi-3 (Central-East)	IM368886509	OWN	I-DL-DLHI-ENB-2925 - I-DL-DLHI-AG2-0018	AG2-OLTE (FTTX)	07-05-2026 13:22
 
Thanks & Regards//
Praveen Sharma
Fiber operations
Delhi-3 (central East)
7678612072
 

CMP_I",4.42,00:05,,Intercity,North,Own,Intercity IP Core,,INDLXXXXXXXXTW0251ENBOLT001,1.00172E+11,,NULL,,7,May-26,WK-18'26,TTR>4Hrs
2026WK-18'26,2026,WK-18'26,IM368053720,,Delhi,Gurgaon (NCR),CMM Name,I-DL-GRGN-ENB-0596,I-DL-GRGN-ENB-0465,,,O & M,NSA,AG1 - CSS,Fibre Cut,03-05-2026,03-05-2026 16:41,03-05-2026 16:41,0000-00-00 00:00:00,03-05-2026 21:41,Resolved,Restored by single joint,"As per  mahipal /+919315402269/OWN Fiber cut due to GMDA road expansion work  AT  2.5KM FROM I-DL-GRGN-ENB-0465 , Fiber spliced with single Joint, DELAY DUE TO  ongoing work //permanent
CMP_Interface Down [4]: DELHI TELECOM CIRCLE/Gurgaon (NCR);Link: AG1_CSS : IPOF :; Down Since:2026-05-03 16:29:34.000000
 $$ [AG1_CSS]I-DL-GRGN-ENB-0596<->I-DL-GRGN-ENB-0465;[AG1_CSS]I-DL-GRGN-ENB-0596<->I-DL-GRGN-ENB-I337;[AG2_OLT]I-DL-GRGN-ENB-2989<->I-DL-GRGN-AG2-0002;[AG2_OLT]I-DL-GRGN-ENB-6024<->I-DL-GRGN-AG2-0003 $$ 

PR TBFC_P1 - Interface down Affected:5 [DOWN:0,THREAT:5] AG1_CSS: IPOF : between I-DL-GRGN-ENB-0596 GRGNDLFDPAR001-Te0/5/0/2-Te0/5/0/2 and I-DL-GRGN-ENB-0465 GRGNSHNAESR002-Te0/0/10-Te0/0/10[SEC-28,GURGAON and ] CMP -  Gurgaon NCR  since 2026-05-03 16:29:34.0 ; 
@ DOWN[], THREAT[], Linked_Tickets:[LINK1: DL-49726655-MI],spur:'0',,is_fork:0,fork_parent_information:None,spur_media_type:None,parent : ['hostname' = 'GRGNDLFDPAR001','sap_id' = 'I-DL-GRGN-ENB-0596','interface_name' = 'Te0/5/0/2','port' = 'Te0/5/0/2','link' = 'GRGNDLFDPAR001_GRGNSHNAESR002','link_no' = 19319941],path_information : (P1 = (ticket_id = 49726655,link = GRGNDLFDPAR001_GRGNSHNAESR002,ticket_type = THREAT,down_type = LINK,outage_start_time = 2026-05-03 16:29:34,outage_created_time = 2026-05-03 16:33:02)),TBFCKEY_49726655, #IFDOWN-AG1_CSS_IPOF#,ticket_nature : IPOF
PR TBFC_P1 - Interface down Affected:2 [DOWN:0,THREAT:2] AG1_CSS: IPOF : between I-DL-GRGN-ENB-0596 GRGNDLFDPAR001-Te0/5/0/3-Te0/5/0",5.18,00:11,Others,Intracity,North,Own,Intracity IP Access,Permanent,INDLGRGNDLFDTW0001MA1PAR001,1.0017E+11,,NULL,,3,May-26,WK-18'26,TTR>4Hrs
2026WK-18'26,2026,WK-18'26,IM368495866,,Delhi,Delhi-3 (Central-East),CMM Name,I-DL-DLHI-ENB-6966,I-UW-GZBD-AG2-0001,,,O & M,NSA,AG2-OLTE (FTTX),Fibre Cut,05-05-2026,05-05-2026 16:30,05-05-2026 16:30,0000-00-00 00:00:00,05-05-2026 18:58,Resolved,Restored by single joint,"CMP_Interface Down [3]: DELHI TELECOM CIRCLE/Delhi-3 (Central-East);Link: AG2_OLT : IPOF :; Down Since:2026-05-05 16:20:16.000000
 $$ [AG2_OLT]I-DL-DLHI-ENB-6966<->I-UW-GZBD-AG2-0001;[AG2_OLT]I-DL-DLHI-FSA-101H<->I-DL-NOID-AG2-0002;[AG2_OLT]I-DL-DLHI-ENB-1779<->NA $$ 

Fttx:Fiber Cut Between AG2 to OLT: IPOF : | INDLDLHIMYVBNB6001ENBOLT001_NT-A:SFP-1 | I-DL-DLHI-ENB-6966 | 10.1.7.180 | Mayur Vihar Ph 2 and INDLGZBDGMJPNB0001MA2AAR001_TENGIGE0/3/1/2 | I-UW-GZBD-AG2-0001 | 49.44.0.152 | Vasundhara Option
[Link 1:INDLDLHIMYVBNB6001ENBOLT001_NT-A:SFP-1 | I-DL-DLHI-ENB-6966 | 10.1.7.180 | Mayur Vihar Ph 2 and INDLGZBDGMJPNB0001MA2AAR001_TENGIGE0/3/1/2 | I-UW-GZBD-AG2-0001 | 49.44.0.152 | Vasundhara Option]
 Loss of signal on nt-a:xfp:1 | Site Friendly Name :: Mayur Vihar Ph 2 | SAP ID :: I-DL-DLHI-ENB-6966 | INDLDLHIMYVBNB6001ENBOLT001
 Customer on Threat :: 3711 and Enterprise customer on threat= 11 
CorrelatedAlarms :di_n_fttx_nokia:3611830973
Fttx:Fiber Cut Between AG2 to OLT: IPOF : | INDLDLHIGZIRNB0368FSAOLT001_NT-A:SFP-2 | I-DL-DLHI-FSA-101H |  | G-221  Vill-Gazipur  Delhi 110096 and INDLNOIDHRS8NB0001MA2AAR001_TENGIGE0/0/0/13 | I-DL-NOID-AG2-0002 | 49.44.0.151 | Sector 10 Noida Option
[Link 1:INDLDLHIGZIRNB0368FSAOLT001_NT-A:SFP-2 | I-DL-DLHI-FSA-101H |  | NA and INDLNOIDHRS8NB0001MA2AAR001_TENGIGE0/0/0/13 | I-DL-NOID-AG2-0002 | 49.44.0.151 | Sector 10 Noida Option]
 Loss of signal on nt-a:xfp:2 | Site Friendly Name :: G-221  Vill-Gazipur  Delhi 110096 | SAP ID ::",2.63,00:10,,Intercity,North,Own,Intercity IP Core,,INDLDLHIMYVBNB6001ENBOLT001,1.00172E+11,,NULL,,5,May-26,WK-18'26,TTR<4Hrs
2026WK-18'26,2026,WK-18'26,IM368858163,,Delhi,Delhi-4 (North),CMM Name,I-DL-DLHI-ENB-3707,I-DL-DLHI-ENB-5814,,,O & M,NSA,AG1 - AG1,Fibre Cut,07-05-2026,07-05-2026 11:05,07-05-2026 11:05,0000-00-00 00:00:00,07-05-2026 18:04,Resolved,Restored by single joint,"RFO:- Own Fiber cable cut due to DJB JCB sewerage work , OTDR Trace is 9.8 KM from I-DL-DLHI-ENB-5814,Permanent restored with single joint, Live Fiber is 48 & Cable Type is 96 & 288. Delay due to DJB sewerage work is going on.


CMP_Interface Down [2]: DELHI TELECOM CIRCLE/Delhi-4 (North);Link: AG1_AG1 : IPOF :; Down Since:2026-05-07 10:56:53.000000
 $$ [AG1_AG1]I-DL-DLHI-ENB-3707<->I-DL-DLHI-ENB-5814
DLHICNDGPAR001/TenGigabitEthernet0/4/3
DLHICNDGPAR001/TenGigabitEthernet0/4/0
DLHILADRPAR001/TenGigabitEthernet0/4/3
DLHILADRPAR001/TenGigabitEthernet0/4/0 $$ 

Interface down AG1_AG1 Total :2,10G:2,100G:0,400G:0: IPOF : between I-DL-DLHI-ENB-3707 and I-DL-DLHI-ENB-5814[Kanjhawala & Ladpur ] since 2026-05-07 10:56:53
 PR ALARM : Interface down AG1_AG1 SO6-CO Total :2,10G:2,100G:0,400G:0 Rg:N Between Site : DLHICNDGPAR001 port TenGigabitEthernet0/4/3; AND DLHILADRPAR001 port Port-Channel11-Fiber;MaintenancePoint - Delhi-4 (North);SAPID - I-DL-DLHI-ENB-3707;DESTINATION_SAPID - I-DL-DLHI-ENB-5814
DLHICNDGPAR001/TenGigabitEthernet0/4/3
DLHICNDGPAR001/TenGigabitEthernet0/4/0
DLHILADRPAR001/TenGigabitEthernet0/4/3
DLHILADRPAR001/TenGigabitEthernet0/4/0",7.12,00:08,,Intercity,North,Own,Intercity IP Core,,INDLDLHICNDGNB0001MA1PAR001,1.00172E+11,,NULL,,7,May-26,WK-18'26,TTR>4Hrs
2026WK-18'26,2026,WK-18'26,IM368066402,,Delhi,Delhi-3 (Central-East),CMM Name,I-DL-DLHI-FSA-0734,I-DL-GZBD-AG2-0003,,,O & M,NSA,AG2-OLTE (FTTX),Fibre Cut,03-05-2026,03-05-2026 16:31,03-05-2026 16:41,0000-00-00 00:00:00,04-05-2026 12:56,Resolved,Restored by double joint,"fibre Cable Damaged  by Bses Pole at 12 .5 from I-DL-DLHI-ENB-GZBD-0003 Restored by double joint// cable added-150m// Live f-48 f.
CMP_Interface Down [1]: DELHI TELECOM CIRCLE/Delhi-3 (Central-East);Link: AG2_OLT : IPOF :; Down Since:2026-05-03 16:31:09.000000
 $$ [AG2_OLT]I-DL-DLHI-FSA-0734<->I-DL-GZBD-AG2-0003 $$ 

Fttx:Fiber Cut Between AG2 to OLT: IPOF : | INDLDLHIGRHMNB0017FSAOLT001_NT-A:SFP-1 | I-DL-DLHI-FSA-0734 | 10.0.244.20 | Garhi Mendu Bhajanpura and INDLLONISERYNB0001MA2AAR001_TENGIGE0/1/0/4 | I-DL-GZBD-AG2-0003 | 49.44.0.175 | Plot No.-A-40-Loni Option
[Link 1:INDLDLHIGRHMNB0017FSAOLT001_NT-A:SFP-1 | I-DL-DLHI-FSA-0734 | 10.0.244.20 | NA and INDLLONISERYNB0001MA2AAR001_TENGIGE0/1/0/4 | I-DL-GZBD-AG2-0003 | 49.44.0.175 | Plot No.-A-40-Loni Option]
 Loss of signal on nt-a:xfp:1 | Site Friendly Name :: Garhi Mendu Bhajanpura | SAP ID :: I-DL-DLHI-FSA-0734 | INDLDLHIGRHMNB0017FSAOLT001
 Customer on Threat :: 194 and Enterprise customer on threat= 0 
CorrelatedAlarms :di_n_fttx_nokia:3604305785 , Planned_outage_indication detail: CR No :C6304699,PE Time03-05-2026 14:45:00&03-05-2026 18:00:00",20.42,00:10,,Intercity,North,Own,Intercity IP Core,,INDLDLHIGRHMNB0017FSAOLT001,1.00169E+11,,NULL,,4,May-26,WK-18'26,TTR>4Hrs
2026WK-18'26,2026,WK-18'26,IM368447108,,Haryana,Panipat,CMM Name,I-HR-RHTK-ISC-0029,I-HR-RHTK-ENB-0043,,,O & M,NSA,AG1 - CSS,Fibre Cut,05-05-2026,05-05-2026 12:27,05-05-2026 12:27,0000-00-00 00:00:00,05-05-2026 21:32,Resolved,Restored by double joint,"RCOM 24F UG , Fiber cut during EB pole installation work at 1.7Km from SBCJ-H001 , Restored by double joint , 200mtr cable added , Temporary repair , Delay due to Heavy rain and thunderstorm

As per manish +919251665280 cmp change from Rohtak to panipat approved by Harish Saini	9817292049
CMP_Interface Down [3]: HARYANA/Rohtak;Link: AG1_CSS : IPOF :; Down Since:2026-05-05 12:17:01.000000
 $$ [AG1_CSS]I-HR-RHTK-ISC-0029<->I-HR-RHTK-ENB-0043;[CSS_CSS]I-HR-SALA-ENB-0001<->I-HR-KKOD-ENB-9017;[CSS_CSS]I-HR-RHTK-ENB-I015<->I-HR-SBCJ-ENB-H001 $$ 

PR TBFC_P1 - Interface down Affected:1 [DOWN:0,THREAT:1] AG1_CSS: IPOF : between I-HR-RHTK-ISC-0029 RHTKCNPRESR001-BD354-GigabitEthernet0/0/22 and I-HR-RHTK-ENB-0043 RHTKRPNGPAR001-BD325-GigabitEthernet0/1/3[Nehru Colony and ] CMP -  Rohtak  since 2026-05-05 12:17:01.0 ; 
@ DOWN[], THREAT[], Linked_Tickets:[LINK1: HR-49784391-MI],spur:'0',,is_fork:0,fork_parent_information:None,spur_media_type:None,parent : ['hostname' = 'RHTKCNPRESR001','sap_id' = 'I-HR-RHTK-ISC-0029','interface_name' = 'BD354','port' = 'GigabitEthernet0/0/22','link' = 'RHTKCNPRESR001_RHTKRPNGPAR001','link_no' = ''],path_information : (P1 = (ticket_id = 49784391,link = RHTKCNPRESR001_RHTKRPNGPAR001,ticket_type = THREAT,down_type = LINK,outage_start_time = 2026-05-05 12:17:01,outage_created_time = 2026-05-05 12:19:08)),TBFCKEY_49784391, #IFDOWN-AG1_CSS_IPOF#,ticket_nature : IPOF
PR TBFC_P1 - Interface down Affected:20 [DOWN:0,THREAT:20] CSS_CSS: IPOF : between I-HR",9.25,00:10,Others,Intracity,North,RCOM,Intracity IP Access,Permanent,INHRRHTKRPNGTW0001MA1PAR001,TBD,,NULL,,5,May-26,WK-18'26,TTR>4Hrs
2026WK-18'26,2026,WK-18'26,IM368257124,,Haryana,Ambala,CMM Name,I-HR-KLKA-ENB-6001,I-HR-KLKA-ENB-9006,,,O & M,NSA,AG1 - CSS,Fibre Cut,04-05-2026,04-05-2026 16:21,04-05-2026 16:21,0000-00-00 00:00:00,04-05-2026 19:02,Resolved,Restored by single joint,"CMP_Interface Down [1]: HARYANA/Ambala;Link: AG1_CSS : IPOF :; Down Since:2026-05-04 16:13:09.000000
 $$ [AG1_CSS]I-HR-KLKA-ENB-6001<->I-HR-KLKA-ENB-9006 $$ 

PR TBFC_P1 - Interface down Affected:1 [DOWN:0,THREAT:1] AG1_CSS: IPOF : between I-HR-KLKA-ENB-6001 KLKAKLKAESR004-Te0/0/10-Te0/0/10 and I-HR-KLKA-ENB-9006 KLKAKLKAPAR006-Te0/4/0-Te0/4/0[VILL.- TIPRA and ] CMP -  Ambala  since 2026-05-04 16:13:09.0 ; 
@ DOWN[], THREAT[], Linked_Tickets:[LINK1: HR-49754005-MI],spur:'0',,is_fork:0,fork_parent_information:None,spur_media_type:None,parent : ['hostname' = 'KLKAKLKAESR004','sap_id' = 'I-HR-KLKA-ENB-6001','interface_name' = 'Te0/0/10','port' = 'Te0/0/10','link' = 'KLKAKLKAESR004_KLKAKLKAPAR006','link_no' = 19590372],path_information : (P1 = (ticket_id = 49754005,link = KLKAKLKAESR004_KLKAKLKAPAR006,ticket_type = THREAT,down_type = LINK,outage_start_time = 2026-05-04 16:13:09,outage_created_time = 2026-05-04 16:15:40)),TBFCKEY_49754005, #IFDOWN-AG1_CSS_IPOF#,ticket_nature : IPOF",2.82,00:08,,Intracity,North,Own,Intracity IP Access,,INHRKLKAXXXXTW0001NA1PAR001,1.00169E+11,,NULL,,4,May-26,WK-18'26,TTR<4Hrs
2026WK-18'26,2026,WK-18'26,IM367649033,,Haryana,Rewari,CMM Name,Hodal-Sohna-Tijara,Ruprakha-Sohana,,,O & M,,Collector,Fibre Cut,01-05-2026,0000-00-00 00:00:00,01-05-2026 16:46,01-05-2026 23:00,01-05-2026 19:43,Resolved,Restored by double joint,"Own UG Fiber cut at 36.2km from Sohana due to private JCB work Fiber spliced with Double Joint, 170m cable added 
as per ranvidra 917015998625
Span Name	LER	SpanLoss	Egress	Ingress	Status
Ruprakha - Sohana	19.5	18.23	11.19	-07.04	-
Sohana - Ruprakha	19.5	19.44	07.88	-11.56	-
",3.1,00:08,,Intercity,North,Own,Transport,Permanent,HRHODLRJTJRASPQ002_BU,1.00172E+11,,NULL,,1,May-26,WK-18'26,TTR<4Hrs
2026WK-18'26,2026,WK-18'26,IM368058261,,Haryana,Karnal,CMM Name,Ambala- Delhi#1(Noida),Pehowa-Kaithal,,,O & M,,Core - Collector,Fibre Cut,03-05-2026,0000-00-00 00:00:00,03-05-2026 17:11,03-05-2026 23:04,03-05-2026 20:54,Resolved,Restored by single joint,uptime increase ,3.83,00:07,,Intercity,North,Own,Transport,Permanent,HRKTHLHRPHWASPN006_BU,1.00172E+11,,NULL,,3,May-26,WK-18'26,TTR<4Hrs
2026WK-18'26,2026,WK-18'26,IM368084787,,Haryana,Ambala,CMM Name,I-HR-KLKA-ENB-9006,I-HR-KLKA-ENB-6005,,,O & M,NSA,AG1 - CSS,Fibre Cut,03-05-2026,03-05-2026 20:24,03-05-2026 20:24,0000-00-00 00:00:00,04-05-2026 07:54,Resolved,Fiber cable swap / replaced,"RCA:- Cable Partially Damaged by Rat Bite.
Cable Type :- 48F
Media – OWN
Live fiber – 12 Nos.
Restored with Fiber Swapped.


CMP_Interface Down [1]: HARYANA/Ambala;Link: AG1_CSS : IPOF :; Down Since:2026-05-03 20:16:26.000000
 $$ [AG1_CSS]I-HR-KLKA-ENB-9006<->I-HR-KLKA-ENB-6005 $$ 

PR TBFC_P1 - Interface down Affected:7 [DOWN:0,THREAT:7] AG1_CSS: IPOF : between I-HR-KLKA-ENB-9006 KLKAKLKAPAR007-Te0/0/7-Te0/0/7 and I-HR-KLKA-ENB-6005 KLKAKLKAESR003-Te0/0/11-Te0/0/11[VILL.- TIPRA and ] CMP -  Ambala  since 2026-05-03 20:16:26.0 ; 
@ DOWN[], THREAT[], Linked_Tickets:[LINK1: HR-49731829-MI],spur:'0',,is_fork:0,fork_parent_information:None,spur_media_type:None,parent : ['hostname' = 'KLKAKLKAPAR007','sap_id' = 'I-HR-KLKA-ENB-9006','interface_name' = 'Te0/0/7','port' = 'Te0/0/7','link' = 'KLKAKLKAPAR007_KLKAKLKAESR003','link_no' = 22031774],path_information : (P1 = (ticket_id = 49731829,link = KLKAKLKAPAR007_KLKAKLKAESR003,ticket_type = THREAT,down_type = LINK,outage_start_time = 2026-05-03 20:16:26,outage_created_time = 2026-05-03 20:19:23)),TBFCKEY_49731829, #IFDOWN-AG1_CSS_IPOF#,ticket_nature : IPOF",11.62,00:08,,Intracity,North,Own,Intracity IP Access,,INHRKLKAXXXXTW0001NA1PAR002,1.00169E+11,,NULL,,4,May-26,WK-18'26,TTR>4Hrs
2026WK-18'26,2026,WK-18'26,IM368140054,,Haryana,Rewari,CMM Name,I-HR-GRGN-AG2-0001,I-RJ-TJRA-ENB-9007,,,O & M,NSA,AG1 - AG1,Fibre Cut,04-05-2026,04-05-2026 05:01,04-05-2026 05:01,0000-00-00 00:00:00,04-05-2026 12:32,Resolved,Restored by resplicing,"as per deepak +917740068969 // own fiber // Resplice // cut reason single fiber break // otdr 28 km from I-HR-GRGN-AG2-0001 // 48F/42LF // permanenet // delay reason due to late information for delhi circle  


From: Mahipal8 Singh <Mahipal8.Singh@ril.com> 
Sent: 04 May 2026 16:35
To: Jio NOCOFCIntracity <Jio.NOCOFCIntracity@ril.com>
Cc: Lokesh Tiwari <Lokesh.Tiwari@ril.com>; Mahesh4 Verma <Mahesh4.Verma@ril.com>; Brijender Singh <Brijender.Singh@ril.com>; Smit Sodhi <Smit.Sodhi@ril.com>; Deepak184 Kumar <Deepak184.Kumar@ril.com>
Subject: Re: IM368140054// cmp change gurgaon to rewari cmp 

________________________________________
From: Mahipal8 Singh <Mahipal8.Singh@ril.com>
Sent: Monday, May 4, 2026 3:18 PM
To: Deepak184 Kumar <Deepak184.Kumar@ril.com>; Jio NOCOFCIntracity <Jio.NOCOFCIntracity@ril.com>
Cc: Lokesh Tiwari <Lokesh.Tiwari@ril.com>; Mahesh4 Verma <Mahesh4.Verma@ril.com>; Brijender Singh <Brijender.Singh@ril.com>; Smit Sodhi <Smit.Sodhi@ril.com>
Subject: IM368140054// cmp change gurgaon to rewari cmp
 
Dear team,

Plz do needful ASAP confirmation on trailing mail 

Get Outlook for Android
________________________________________
From: Deepak184 Kumar <Deepak184.Kumar@ril.com>
Sent: Monday, May 4, 2026 12:55:53 PM
To: Mahipal8 Singh <Mahipal8.Singh@ril.com>; Jio NOCOFCIntracity <Jio.NOCOFCIntracity@ril.com>
Cc: Lokesh Tiwari <Lokesh.Tiwari@ril.com>; Mahesh4 Verma <Mahesh4.Verma@ril.com>; Brijender Singh <Brijender.Singh@ril.com>; Smit Sodh",7.65,00:07,,Intercity,North,Own,Intercity IP Core,,INDLGRGNGNHINB0001MA2PAR001,1.00172E+11,,NULL,,4,May-26,WK-18'26,TTR>4Hrs
2026WK-18'26,2026,WK-18'26,IM367822460,,Haryana,Rewari,CMM Name,Sohana-Sakras-Alwar JCN,Sohana-Sakras,,,O & M,NSA,Collector,Fibre Cut,02-05-2026,0000-00-00 00:00:00,02-05-2026 14:23,02-05-2026 23:00,02-05-2026 19:35,Resolved,Restored by double joint,"As per Mr Ravinder +917015998625   // Own  UG fiber //  Cut due to  Sewerage work by PWD   // OTDR at  36.8  km from Sohana    //  Restored by Double joint //   2 JC added  //  145 meter cable added // Delay due to local issue.
Span Name 	LER 	SpanLoss 	Egress 	Ingress 	Status
Sakras - Sohana 		20.11 	07.80 	-12.31 	-
Sohana - Sakras 	26.34 	21.8 	04.53 	-17.27 	-",5.32,00:08,Others,Intercity,North,Own,Transport,Permanent,HRSOHNRJALWRSPQ001_BU,1.00169E+11,,NULL,,2,May-26,WK-18'26,TTR>4Hrs
2026WK-18'26,2026,WK-18'26,IM368508557,,Haryana,Hissar,CMM Name,I-HR-SIRS-ILA-9117,I-HR-FTBD-ILA-0001,,,O & M,NSA,AG1 - AG1,Fibre Cut,05-05-2026,05-05-2026 17:39,05-05-2026 17:39,0000-00-00 00:00:00,05-05-2026 21:12,Resolved,Restored by double joint,"CMP_Interface Down [2]: HARYANA/Hissar;Link: AG1_AG1 : IPOF :; Down Since:2026-05-05 17:29:00.000000
 $$ [AG1_AG1]I-HR-SIRS-ILA-9117<->I-HR-FTBD-ILA-0001
SIRSSIRSPAR002/TenGigabitEthernet0/3/8
FTBDFTBDPAR003/TenGigabitEthernet0/4/1;[AG1_CSS]I-HR-FTBD-ILA-0001<->I-HR-FTBD-ENB-W002 $$ 

Interface down AG1_AG1 Total :1,10G:1,100G:0,400G:0: IPOF : between I-HR-SIRS-ILA-9117 and I-HR-FTBD-ILA-0001[VPO JOGIWALA & Fatehabad ] since 2026-05-05 17:29:00
 PR ALARM : Interface down AG1_AG1 SO6-NA Total :1,10G:1,100G:0,400G:0 Rg:N Between Site : SIRSSIRSPAR002 port TenGigabitEthernet0/3/8; AND FTBDFTBDPAR003 port TenGE0/4/1-Fiber;MaintenancePoint - Hissar;SAPID - I-HR-SIRS-ILA-9117;DESTINATION_SAPID - I-HR-FTBD-ILA-0001
SIRSSIRSPAR002/TenGigabitEthernet0/3/8
FTBDFTBDPAR003/TenGigabitEthernet0/4/1
PR TBFC_P1 - Interface down Affected:28 [DOWN:0,THREAT:28] AG1_CSS: IPOF : between I-HR-FTBD-ILA-0001 FTBDFTBDPAR003-Te0/0/6-Te0/0/6 and I-HR-FTBD-ENB-W002 FTBDFTBDESR020-Te0/0/10-Te0/0/10[Fatehabad and ] CMP -  Hissar  since 2026-05-05 17:29:03.0 ; 
@ DOWN[], THREAT[], Linked_Tickets:[LINK1: HR-49792808-MJ],spur:'0',,is_fork:0,fork_parent_information:None,spur_media_type:None,parent : ['hostname' = 'FTBDFTBDPAR003','sap_id' = 'I-HR-FTBD-ILA-0001','interface_name' = 'Te0/0/6','port' = 'Te0/0/6','link' = 'FTBDFTBDPAR003_FTBDFTBDESR020','link_no' = 14625612],path_information : (P1 = (ticket_id = 49792808,link = FTBDFTBDPAR003_FTBDFTBDESR020,ticket_type = THREAT,down_type = LINK,outage_st",3.72,00:10,,Intercity,North,Own,Intercity IP Core,Permanent,INHRSIRSXXXXTW0031ILAPAR001,TBD,,NULL,,5,May-26,WK-18'26,TTR<4Hrs
2026WK-18'26,2026,WK-18'26,IM367788448,,Haryana,Karnal,CMM Name,I-HR-TNSR-ENB-6014,I-HR-YMGR-AG2-0001,,,O & M,NSA,AG1 - AG1,Fibre Cut,02-05-2026,02-05-2026 11:34,02-05-2026 11:34,0000-00-00 00:00:00,02-05-2026 12:54,Resolved,Restored by single joint,"As per vicky +919992137199 own fibre cut due to water pipeline work otdr 2.4km from  I-HR-TNSR-ENB-6014 sj permanent
LINK_DOWN | LDWALDWAPAR001/TenGigabitEthernet0/0/5 | Port TenGigabitEthernet0/0/5 Description:  # TO-YMGRPMCLPAR001-Te0/2/0/2-Fiber ## 21969308 ## is down on device 2405:200:204:133:172:26:192:5.:down - generated by interfaces status poller | LINK_DOWN:2405:200:204:133:172:26:192:5:If: TenGigabitEthernet0/0/5##SubAlarm@@_6 #*# NA",1.38,00:02,,Intercity,North,Own,Intercity IP Core,Permanent,INHRLDWALDWATW6001NA2PAR001,1.00172E+11,,NULL,,2,May-26,WK-18'26,TTR<4Hrs
2026WK-18'26,2026,WK-18'26,IM368283517,,Haryana,Rohtak,CMM Name,I-HR-JHJJ-ENB-9020,I-HR-JHJJ-ENB-I010,,,O & M,NSA,CSS - CSS,Fibre Cut,04-05-2026,04-05-2026 17:48,04-05-2026 17:48,0000-00-00 00:00:00,04-05-2026 20:16,Resolved,Restored by single joint,"CMP_Interface Down [1]: HARYANA/Rohtak;Link: CSS_CSS : IPOF :; Down Since:2026-05-04 17:45:08.000000
 $$ [CSS_CSS]I-HR-JHJJ-ENB-9020<->I-HR-JHJJ-ENB-I010 $$ 

PR TBFC_P1 - Interface down Affected:18 [DOWN:0,THREAT:18] CSS_CSS: IPOF : between I-HR-JHJJ-ENB-9020 JHJJJHJJESR015-Te0/0/0/24-Te0/0/0/24 and I-HR-JHJJ-ENB-I010 JHJJJHJJESR047-BD355-TenGigabitEthernet0/0/11[NATIONAL HIGHWAY and ] CMP -  Rohtak  Rewari  since 2026-05-04 17:45:08.0 ; 
@ DOWN[], THREAT[], Linked_Tickets:[LINK1: HR-49757238-MI],spur:'0',,is_fork:0,fork_parent_information:None,spur_media_type:None,parent : ['hostname' = 'JHJJJHJJESR015','sap_id' = 'I-HR-JHJJ-ENB-9020','interface_name' = 'Te0/0/0/24','port' = 'Te0/0/0/24','link' = 'JHJJJHJJESR015_JHJJJHJJESR047','link_no' = 22301157],path_information : (P1 = (ticket_id = 49757238,link = JHJJJHJJESR015_JHJJJHJJESR047,ticket_type = THREAT,down_type = LINK,outage_start_time = 2026-05-04 17:45:08,outage_created_time = 2026-05-04 17:48:00)),TBFCKEY_49757238, #IFDOWN-CSS_CSS_IPOF#,ticket_nature : IPOF",2.52,00:03,,Intracity,North,Own,Intracity IP Access,,INHRJHJJXXXXTW0003ENBESR001,1.00172E+11,,NULL,,4,May-26,WK-18'26,TTR<4Hrs
2026WK-18'26,2026,WK-18'26,IM368266309,,Punjab,Jalandhar,CMM Name,Jalandhar-Shimla Via Hoshiarpur,Jalandhar-Phagwara,,,O & M,NSA,Core - Collector,Fibre Cut,04-05-2026,0000-00-00 00:00:00,04-05-2026 17:03,04-05-2026 22:30,04-05-2026 19:59,Resolved,Restored by double joint,......................,3.05,00:07,,Intercity,North,Own,Transport,Permanent,PBJLDRPBPHGRSPQ001_BU,1.00172E+11,,NULL,,4,May-26,WK-18'26,TTR<4Hrs
2026WK-18'26,2026,WK-18'26,IM368558105,,Punjab,Ludhiana-2,CMM Name,Ludhiana - Shimla Path 1,Ludhiana-Phagwara,,,O & M,NSA,Collector,Fibre Cut,06-05-2026,0000-00-00 00:00:00,06-05-2026 02:13,06-05-2026 11:30,06-05-2026 08:39,Resolved,Restored by double joint,"As per Mr  Kulveer +917743003558 // RCOM  UG fiber //  Cut due to NHAI  Drainage work    // OTDR at  33.1  km from  Phagwara  //  Restored by Double joint //  2  JC added  // 15  meter cable added // Delay due to high loss.
Span Name 	LER 	SpanLoss 	Egress 	Ingress 	Status
Ludhiana - Phagwara 	27.09 	27.04 	11.87 	-15.17 	-
Phagwara - Ludhiana 	27.09 	28.72 	17.62 	-11.10 	-",6.57,00:08,High Loss at Multiple Location,Intercity,North,RCOM,Transport,Permanent,LDHN_0004_CHPTNB0001_SBNRNB0001,1.00172E+11,,NULL,,6,May-26,WK-18'26,TTR>4Hrs
2026WK-18'26,2026,WK-18'26,IM368900017,,Punjab,Chandigarh,CMM Name,I-PB-PCKB-ENB-A007,I-PB-SGML-AG2-0001,,,O & M,NSA,AG2-OLTE (FTTX),Fibre Cut,07-05-2026,07-05-2026 14:32,07-05-2026 14:32,0000-00-00 00:00:00,07-05-2026 19:34,Resolved,Restored by double joint,"RFO:- cable cut due to HUDA JCB work 1.7km from I-PB-PCKB-ENB-A007.
           Permanent Restored UG by double joint 80m cable added .
 
CMP_Interface Down [2]: PUNJAB/Chandigarh;Link: AG2_OLT : IPOF :; Down Since:2026-05-07 14:24:23.000000
 $$ [AG2_OLT]I-PB-PCKB-ENB-A007<->I-PB-SGML-AG2-0001;[OLT_OLT]I-PB-PCKB-FSA-0326<->I-PB-CDGR-ENB-A006 $$ 

Fttx:Fiber Cut Between AG2 to OLT: IPOF : | INPBPCKBCHNTNB6004ENBOLT001_NT-A:SFP-1 | I-PB-PCKB-ENB-A007 | 10.1.32.116 | Kundi  Sec 20  Pkl and INPBCDGRPASENB0001NA2AAR001_TENGIGE0/1/0/17 | I-PB-SGML-AG2-0001 | 49.44.4.71 | Purv Marg
[Link 1:INPBPCKBCHNTNB6004ENBOLT001_NT-A:SFP-1 | I-PB-PCKB-ENB-A007 | 10.1.32.116 | Kundi, Sec 20, Pkl and INPBCDGRPASENB0001NA2AAR001_TENGIGE0/1/0/17 | I-PB-SGML-AG2-0001 | 49.44.4.71 | Purv Marg]
 Loss of signal on nt-a:xfp:1 | Site Friendly Name :: Kundi  Sec 20  Pkl | SAP ID :: I-PB-PCKB-ENB-A007 | INPBPCKBCHNTNB6004ENBOLT001
 Customer on Threat :: 2608 and Enterprise customer on threat= 1 
CorrelatedAlarms :di_n_fttx_nokia:3617951816
Fttx:Fiber Cut Between OLT to OLT: IPOF : | INPBPCKBCHNTNB0259FSAOLT001_NT-A:SFP-1 | I-PB-PCKB-FSA-0326 | 10.1.45.172 | Suncity Parikrama and INPBPCKBKSHNNB6001ENBOLT001_NT-A:XFP:2 | I-PB-CDGR-ENB-A006 | 10.1.38.68 | Pir Mashala, Pkl
[Link 1:INPBPCKBCHNTNB0259FSAOLT001_NT-A:SFP-1 | I-PB-PCKB-FSA-0326 | 10.1.45.172 | Suncity Parikrama and INPBPCKBKSHNNB6001ENBOLT001_NT-A:XFP:2 | I-PB-CDGR-ENB-A006 | 10.1.38.68 | Pir Mashala, Pkl,  Link 2:INPBPCKBKSHNNB6001ENBOL",5.15,00:08,,Intercity,North,Own,Intercity IP Core,,INPBPCKBCHNTNB6004ENBOLT001,1.00172E+11,,NULL,,7,May-26,WK-18'26,TTR>4Hrs
2026WK-18'26,2026,WK-18'26,IM368266761,,Punjab,Jalandhar,CMM Name,I-PB-JLDR-AG2-0004,I-PB-JLDR-ENB-0267,,,O & M,NSA,AG1 - CSS,Fibre Cut,04-05-2026,04-05-2026 17:08,04-05-2026 17:08,0000-00-00 00:00:00,04-05-2026 21:52,Resolved,Restored by double joint,"reff tt IM368266309
CMP_Interface Down [3]: PUNJAB/Jalandhar;Link: AG1_CSS : IPOF :; Down Since:2026-05-04 16:55:53.000000
 $$ [AG1_CSS]I-PB-JLDR-AG2-0004<->I-PB-JLDR-ENB-0267;[AG1_CSS]I-PB-JLDR-AG2-0004<->I-PB-PHGR-ENB-I027;[AG1_CSS]I-PB-JLDR-AG2-0004<->I-PB-PHGR-ENB-S001 $$ 

PR TBFC_P1 - Interface down Affected:7 [DOWN:0,THREAT:7] AG1_CSS: IPOF : between I-PB-JLDR-AG2-0004 JLDRCKJDPAR002-Te0/2/0/7-Te0/2/0/7 and I-PB-JLDR-ENB-0267 JLDRDHWLESR003-Te0/0/11-Te0/0/11[Jallandhar and ] CMP -  Jalandhar  since 2026-05-04 16:55:53.0 ; 
@ DOWN[], THREAT[], Linked_Tickets:[LINK1: PB-49755535-MI],spur:'0',,is_fork:0,fork_parent_information:None,spur_media_type:None,parent : ['hostname' = 'JLDRCKJDPAR002','sap_id' = 'I-PB-JLDR-AG2-0004','interface_name' = 'Te0/2/0/7','port' = 'Te0/2/0/7','link' = 'JLDRCKJDPAR002_JLDRDHWLESR003','link_no' = 12961773],path_information : (P1 = (ticket_id = 49755535,link = JLDRCKJDPAR002_JLDRDHWLESR003,ticket_type = SA,down_type = LINK,outage_start_time = 2026-05-04 16:55:53,outage_created_time = 2026-05-04 16:58:01)),TBFCKEY_49755535, #IFDOWN-AG1_CSS_IPOF#,ticket_nature : IPOF
PR TBFC_P1 - Interface down Affected:16 [DOWN:0,THREAT:16] AG1_CSS: IPOF : between I-PB-JLDR-AG2-0004 JLDRCKJDPAR002-Te0/5/0/7-Te0/5/0/7 and I-PB-PHGR-ENB-I027 PHGRPHGRESR058-Te0/0/11-Te0/0/11[Jallandhar and ] CMP -  Jalandhar  since 2026-05-04 16:55:54.0 ; 
@ DOWN[], THREAT[], Linked_Tickets:[LINK1: PB-49755553-MI],spur:'0',,is_fork:0,fork_parent_information:None,spur_media_",4.93,00:12,Others,Intracity,North,Own,Intracity IP Access,Permanent,INPBJLDRCKJDNB0001SA2PAR002,TBD,,NULL,,4,May-26,WK-18'26,TTR>4Hrs
2026WK-18'26,2026,WK-18'26,IM368438688,,Punjab,Ludhiana-2,CMM Name,I-PB-LDHN-FSA-0202,I-PB-LDHN-AG2-0001,,,O & M,NSA,AG2-OLTE (FTTX),Fibre Cut,05-05-2026,05-05-2026 11:46,05-05-2026 11:46,0000-00-00 00:00:00,05-05-2026 21:07,Resolved,Restored by double joint,"RFO:  Aggregate LDHN_0102 cable cut due to PSPCL unplanned work for new electrical pole installation with pole erection machine at distance 0.400m from AG1 site 4407.
Cut restored with double 96F & 288F joint. 


Delay Reason:   Delay due to SP manpower shortage & other utilities- Test pit opened manually.


CMP_Interface Down [1]: PUNJAB/Ludhiana-2;Link: AG2_OLT : IPOF :; Down Since:2026-05-05 11:33:24.000000
 $$ [AG2_OLT]I-PB-LDHN-FSA-0202<->I-PB-LDHN-AG2-0001 $$ 

Radysis:Fiber Cut Between AG2 to OLT: IPOF : | INPBLDHNPBMTNB0381FSAOLT001_NNI:SFP-3 | I-PB-LDHN-FSA-0202 | NA | Punjab Mata Nagar and INPBLDHNCHPTNB0001SA2AAR001_TENGIGE0/1/1/11 | I-PB-LDHN-AG2-0001 | 49.44.2.251 | Systec International
[Link 1:INPBLDHNPBMTNB0381FSAOLT001_NNI:SFP-3 | I-PB-LDHN-FSA-0202 | NA | NA and INPBLDHNCHPTNB0001SA2AAR001_TENGIGE0/1/1/11 | I-PB-LDHN-AG2-0001 | 49.44.2.251 | Systec International]
 Loss of signal on NNI-3 | Site Friendly Name :: Punjab Mata Nagar | SAP ID :: I-PB-LDHN-FSA-0202 | INPBLDHNPBMTNB0381FSAOLT001
| Radisys_OLT_Alarm - OLT-ETHERNET-LINK-DOWN Customer on Threat ::: 5",9.57,00:12,,Intercity,North,Own,Intercity IP Core,Permanent,INPBLDHNPBMTNB0381FSAOLT001,1.00171E+11,,NULL,,5,May-26,WK-18'26,TTR>4Hrs
2026WK-18'26,2026,WK-18'26,IM368507683,,Punjab,Jalandhar,CMM Name,I-PB-JLDR-ENB-0011,I-PB-JLDR-AG2-0004,,,O & M,NSA,AG2-OLTE (FTTX),Fibre Cut,05-05-2026,05-05-2026 17:32,05-05-2026 17:32,0000-00-00 00:00:00,05-05-2026 21:33,Resolved,High Ageing,"CMP_Interface Down [1]: PUNJAB/Jalandhar;Link: AG2_OLT : IPOF :; Down Since:2026-05-05 17:23:57.000000
 $$ [AG2_OLT]I-PB-JLDR-ENB-0011<->I-PB-JLDR-AG2-0004 $$ 

Fttx:Fiber Cut Between AG2 to OLT: IPOF : | INPBJLDRNHLPTW0001ENBOLT001_NT-A:SFP-1 | I-PB-JLDR-ENB-0011 | 10.1.40.180 | Rohini Leather Complex Road Jalandhar and INPBJLDRCKJDNB0001SA2AAR001_TENGIGE0/1/0/14 | I-PB-JLDR-AG2-0004 | 49.44.1.103 | NA
[Link 1:INPBJLDRNHLPTW0001ENBOLT001_NT-A:SFP-1 | I-PB-JLDR-ENB-0011 | 10.1.40.180 | Rohini Leather Complex Road Jalandhar and INPBJLDRCKJDNB0001SA2AAR001_TENGIGE0/1/0/14 | I-PB-JLDR-AG2-0004 | 49.44.1.103 | NA]
 Loss of signal on nt-a:xfp:1 | Site Friendly Name :: Rohini Leather Complex Road Jalandhar | SAP ID :: I-PB-JLDR-ENB-0011 | INPBJLDRNHLPTW0001ENBOLT001
 Customer on Threat :: 882 and Enterprise customer on threat= 0 
CorrelatedAlarms :di_n_fttx_nokia:3612003839",4.15,00:08,,Intercity,North,Own,Intercity IP Core,,INPBJLDRNHLPTW0001ENBOLT001,1.00172E+11,,NULL,,5,May-26,WK-18'26,TTR>4Hrs
2026WK-18'26,2026,WK-18'26,IM368624526,,Punjab,Bhatinda,CMM Name,I-PB-KKPR-ENB-6002,I-PB-KKPR-ENB-6004,,,O & M,NSA,CSS - CSS,Fibre Cut,06-05-2026,06-05-2026 08:53,06-05-2026 08:53,0000-00-00 00:00:00,06-05-2026 18:02,Resolved,High Ageing,"CMP_Interface Down [1]: PUNJAB/Bhatinda;Link: CSS_CSS : IPOF :; Down Since:2026-05-06 08:42:36.000000
 $$ [CSS_CSS]I-PB-KKPR-ENB-6002<->I-PB-KKPR-ENB-6004 $$ 

PR TBFC_P1 - Interface down Affected:3 [DOWN:0,THREAT:3] CSS_CSS: IPOF : between I-PB-KKPR-ENB-6002 KKPRBGLSESR001-BD355-TenGigabitEthernet0/0/11 and I-PB-KKPR-ENB-6004 KKPRSDWNESR002-Te0/0/0/24-Te0/0/0/24[Dwareana Road and ] CMP -  Bhatinda  since 2026-05-06 08:42:36.0 ; 
@ DOWN[], THREAT[], Linked_Tickets:[LINK1: PB-49810943-MI],spur:'0',,is_fork:0,fork_parent_information:None,spur_media_type:None,parent : ['hostname' = 'KKPRBGLSESR001','sap_id' = 'I-PB-KKPR-ENB-6002','interface_name' = 'BD355','port' = 'TenGigabitEthernet0/0/11','link' = 'KKPRBGLSESR001_KKPRSDWNESR002','link_no' = 11144797],path_information : (P1 = (ticket_id = 49810943,link = KKPRBGLSESR001_KKPRSDWNESR002,ticket_type = THREAT,down_type = LINK,outage_start_time = 2026-05-06 08:42:36,outage_created_time = 2026-05-06 08:45:55)),TBFCKEY_49810943, #IFDOWN-CSS_CSS_IPOF#,ticket_nature : IPOF",9.32,00:11,,Intracity,North,Own,Intracity IP Access,,INPBKKPRBGLSTW6001ENBESR001,1.00172E+11,,NULL,,6,May-26,WK-18'26,TTR>4Hrs
2026WK-18'26,2026,WK-18'26,IM368047691,,Punjab,Jalandhar,CMM Name,I-PB-JLDR-ENB-0149,I-PB-JLDR-ENB-0334,,,O & M,NSA,CSS - CSS,Fibre Cut,03-05-2026,03-05-2026 16:00,03-05-2026 16:00,0000-00-00 00:00:00,03-05-2026 19:28,Resolved,Restored by double joint,"As per  budhrao  +917888392497 //OWN Fiber cut due to short circuit by lightning   AT  9.5KM FROM I-PB-JLDR-ENB-0334,Fiber spliced with double Joint,200 MTR cable added //permanent
CMP_Interface Down [3]: PUNJAB/Jalandhar;Link: CSS_CSS : IPOF :; Down Since:2026-05-03 15:50:42.000000
 $$ [CSS_CSS]I-PB-JLDR-ENB-0149<->I-PB-JLDR-ENB-0334;[CSS_CSS]I-PB-JLDR-ENB-0296<->I-PB-JLDR-ENB-0012;[AG2_OLT]I-PB-JLDR-ENB-0011<->I-PB-JLDR-AG2-0004 $$ 

PR TBFC_P2 - Interface down Affected:13 [DOWN:0,THREAT:13] CSS_CSS: IPOF : between I-PB-JLDR-ENB-0149 JLDRWRIAESR001-BD355-TenGigabitEthernet0/0/11 and I-PB-JLDR-ENB-0334 JLDRPSPGESR003-BD354-TenGigabitEthernet0/0/10[Village Sangal and ] CMP -  Jalandhar  since 2026-05-03 15:50:42.0 ; 
@ DOWN:[ ], THREAT[]; VENDORSL2= [] HOSTNAMEL2= [], Linked_Tickets:[LINK:1: PB-49725916-MI,],spur:'0',,is_fork:0,fork_parent_information:None,spur_media_type:None,parent : ['hostname' = 'JLDRWRIAESR001','sap_id' = 'I-PB-JLDR-ENB-0149','interface_name' = 'BD355','port' = 'TenGigabitEthernet0/0/11','link' = 'JLDRWRIAESR001_JLDRPSPGESR003','link_no' = 12868734],path_information : (P1 = (ticket_id = 49725913,link = JLDRBSBWESR005_JLDRPSPGESR002,ticket_type = THREAT,down_type = LINK,outage_start_time = 2026-05-03 15:50:42,outage_created_time = 2026-05-03 15:53:08),P2 = (ticket_id = 49725916,link = JLDRWRIAESR001_JLDRPSPGESR003,ticket_type = THREAT,down_type = LINK,outage_start_time = 2026-05-03 15:50:42,outage_created_time = 2026-05-03 15:53:13)),TBFCKEY_49725",3.62,00:10,,Intracity,North,Own,Intracity IP Access,Permanent,INPBJLDRWRIATW0001ENBESR001,1.00172E+11,,NULL,,3,May-26,WK-18'26,TTR<4Hrs
2026WK-18'26,2026,WK-18'26,IM368438257,,Punjab,Ludhiana-1,CMM Name,I-PB-KHNN-ENB-0015,I-PB-KHNN-ENB-0047,,,O & M,NSA,AG1 - CSS,Fibre Cut,05-05-2026,05-05-2026 11:46,05-05-2026 11:46,0000-00-00 00:00:00,05-05-2026 16:21,Resolved,Restored by double joint,"CMP_Interface Down [3]: PUNJAB/Ludhiana-1;Link: AG1_CSS : IPOF :; Down Since:2026-05-05 11:35:37.000000
 $$ [AG1_CSS]I-PB-KHNN-ENB-0015<->I-PB-KHNN-ENB-0047;[AG1_CSS]I-PB-KHNN-ENB-0015<->I-PB-KHNN-ENB-0010;[AG2_OLT]I-PB-GBDG-FSA-0104<->I-PB-KHNN-AG2-0001 $$ 

PR TBFC_P2 - Interface down Affected:5 [DOWN:0,THREAT:5] AG1_CSS: IPOF : between I-PB-KHNN-ENB-0015 KHNNKHNNPAR003-Te0/4/4-Te0/4/4 and I-PB-KHNN-ENB-0047 GBDGABEMESR001-Te0/0/10-Te0/0/10[INTERNATIONAL ROALING COMPANY and ] CMP -  Ludhiana-1  since 2026-05-05 11:35:37.0 ; 
@ DOWN:[ ], THREAT[]; VENDORSL2= [] HOSTNAMEL2= [], Linked_Tickets:[LINK:1: PB-49783475-MI,],spur:'0',,is_fork:0,fork_parent_information:None,spur_media_type:None,parent : ['hostname' = 'KHNNKHNNPAR003','sap_id' = 'I-PB-KHNN-ENB-0015','interface_name' = 'Te0/4/4','port' = 'Te0/4/4','link' = 'KHNNKHNNPAR003_GBDGABEMESR001','link_no' = 3682847],path_information : (P1 = (ticket_id = 49783461,link = GBDGABEMESR001_GBDGANJIESR001,ticket_type = SA,down_type = NODE,outage_start_time = 2026-05-05 11:35:37,outage_created_time = 2026-05-05 11:40:03),P2 = (ticket_id = 49783475,link = KHNNKHNNPAR003_GBDGABEMESR001,ticket_type = SA,down_type = LINK,outage_start_time = 2026-05-05 11:35:37,outage_created_time = 2026-05-05 11:40:32)),TBFCKEY_49783475, #IFDOWN-AG1_CSS_IPOF#,ticket_nature : IPOF
PR TBFC_P2 - Interface down Affected:6 [DOWN:0,THREAT:6] AG1_CSS: IPOF : between I-PB-KHNN-ENB-0015 KHNNKHNNPAR003-Te0/4/2-Te0/4/2 and I-PB-KHNN-ENB-0010 GBDGNSRIESR001-Te0/",4.77,00:10,,Intracity,North,Own,Intracity IP Access,,INPBKHNNXXXXNB0001SM1PAR001,1.00172E+11,,NULL,,5,May-26,WK-18'26,TTR>4Hrs
2026WK-18'26,2026,WK-18'26,IM368047543,,Punjab,Amritsar,CMM Name,I-PB-AMRR-ENB-6051,I-PB-AMRR-ENB-0167,,,O & M,NSA,AG1 - AG1,Fibre Cut,03-05-2026,03-05-2026 16:00,03-05-2026 16:00,0000-00-00 00:00:00,03-05-2026 16:37,Resolved,Restored by single joint,"CMP_Interface Down [1]: PUNJAB/Amritsar;Link: AG1_AG1 : IPOF :; Down Since:2026-05-03 15:52:47.000000
 $$ [AG1_AG1]I-PB-AMRR-ENB-6051<->I-PB-AMRR-ENB-0167
AMRRBGCCPAR001/TenGigabitEthernet0/2/8
AMRRMNWLPAR001/TenGigabitEthernet0/3/8 $$ 

Interface down AG1_AG1 Total :1,10G:1,100G:0,400G:0: IPOF : between I-PB-AMRR-ENB-6051 and I-PB-AMRR-ENB-0167[Sultanwind Village & VPO-MEJA POST OFFICE,KHANPURA,AMRITSAR ] since 2026-05-03 15:52:47
 PR ALARM : Interface down AG1_AG1 SO6-CO Total :1,10G:1,100G:0,400G:0 Rg:N Between Site : AMRRBGCCPAR001 port TenGigabitEthernet0/2/8; AND AMRRMNWLPAR001 port TenGE0/3/8-Fiber;MaintenancePoint - Amritsar;SAPID - I-PB-AMRR-ENB-6051;DESTINATION_SAPID - I-PB-AMRR-ENB-0167
AMRRBGCCPAR001/TenGigabitEthernet0/2/8
AMRRMNWLPAR001/TenGigabitEthernet0/3/8",0.75,00:08,,Intercity,North,Own,Intercity IP Core,Permanent,INPBAMRRBGCCTW6001MA1PAR001,1.00172E+11,,NULL,,3,May-26,WK-18'26,TTR<4Hrs
2026WK-18'26,2026,WK-18'26,IM368509453,,UP East,Gorakhpur,CMM Name,Gorakhpur NA2-Gorakhpur MA2 154 RCN,Gorakhpur NA2-Gorakhpur MA2 154 RCN,,,O & M,,Core - Collector,Fibre Cut,05-05-2026,0000-00-00 00:00:00,05-05-2026 17:41,06-05-2026 09:00,06-05-2026 08:24,Resolved,Restored by single joint,"As per Mr Santosh 98810796016   // Own Aerial  fiber //  Cut due to  intentional by unknown person   // OTDR at  40.3 km from Khalilabad    // Restored by Single joint // 1 JC added  // Delay due to high loss.
Collector 	Gorakhpur NA2-Gorakhpur MA2 154 RCN 	Gorakhpur NA2-Gorakhpur MA2 154 RCN 	9900 		
Span Name 	LER 	SpanLoss 	Egress 	Ingress 	Status
Gorakhpur mag2 - Gorakhpurmag2 	13.8 	13.36 	03.23 	-10.13 	-
Gorakhpurmag2 - Gorakhpur mag2 	13.8 	11.95 	02.82 	-09.13 	-
	
Core 2 	Lucknow#1-Patna 	Khalilabad-Gorakhpur 	3451 		
Span Name 	LER 	SpanLoss 	Egress 	Ingress 	Status
Khalilabad - Gorakhpur mag2 	25.72 	26.4 	12.35 	-14.05 	-
Gorakhpur mag2 - Khalilabad 	26.32 	28.82 	13.09 	-15.73 	-
	
Collector 	Lucknow#1-Patna 	Khalilabad-Gorakhpur 	3451 		
Span Name 	LER 	SpanLoss 	Egress 	Ingress 	Status
Gorakhpur - Khalilabad 	15.2 	15.35 	08.50 	-06.85 	-
Khalilabad - Gorakhpur 	15.2 	16.55 	12.20 	-04.35 	-
	
Core 	Lucknow#1-Patna 	Khalilabad-Gorakhpur 			
Core Power
Khalidabad (1-1/1-15-2) 	Gorakhpur (1-1/1-15-1)
  	Line 	OSC 	ORL 	Line 	OSC 	ORL
Rx 	6.00 	-25.30 	28.20 	2.10 	-23.00 	47.20
Tx 	18.30 	-5.80 	33.80 	18.30 	-5.80 	35.90
SpanName 	LER 	Prev. Losses 	Line 	OSC Cal 	OSC
Khalidabad-Gorakhpur 	16 		16.20 	17.20 	15.71
Gorakhpur-Khalidabad 	16 		12.30 	19.50 	14.21
	
Collector 	Gorakhpur NA2-Basti RCN 	Khalilabad-Gorakhpur NA2 RCN 	9870 		
Span Name 	LER 	SpanLoss 	Egress 	Ingress 	Status
Khalilabad - Gorakhpurmag2 	22.3 	24.48 	07.42 	-1",14.83,00:07,High Loss at Multiple Location,Intercity,North,Own,Transport,Temporary,UEGKPRUEGKPRSRC002_BU,1.00169E+11,,NULL,,6,May-26,WK-18'26,TTR>4Hrs
2026WK-18'26,2026,WK-18'26,IM367550248,,UP East,Azamgarh,CMM Name,I-UE-MHMD-ENB-9073,I-UE-MBJN-ENB-6011,,,O & M,NSA,AG1 - CSS,Fibre Cut,01-05-2026,01-05-2026 08:04,01-05-2026 08:04,0000-00-00 00:00:00,01-05-2026 13:08,Resolved,Restored by single joint,"as per anurag +918810729160 aerial cable cut due to high rise vehicle restored by single joint permanent  otdr 21.6km from I-UE-MHMD-ENB-9073 delay due to heavy rain
CMP_Interface Down [2]: UTTAR PRADESH(EAST)/Azamgarh;Link: AG1_CSS : IPOF :; Down Since:2026-05-01 07:53:30.000000
 $$ [AG1_CSS]I-UE-MHMD-ENB-9073<->I-UE-MBJN-ENB-6011;[CSS_CSS]I-UE-GZPR-ENB-9090<->I-UE-JKNN-ENB-9120 $$ 

PR TBFC_P1 - Interface down Affected:4 [DOWN:0,THREAT:4] AG1_CSS: IPOF : between I-UE-MHMD-ENB-9073 MHMDMHMDPAR004-Te0/0/4-Te0/0/4 and I-UE-MBJN-ENB-6011 MBJNMBJNESR005-Te0/0/10-Te0/0/10[Doultabad and ] CMP -  Azamgarh  since 2026-05-01 07:53:30.0 ; 
@ DOWN[], THREAT[], Linked_Tickets:[LINK1: UE-49656247-MI],spur:'0',,is_fork:0,fork_parent_information:None,spur_media_type:None,parent : ['hostname' = 'MHMDMHMDPAR004','sap_id' = 'I-UE-MHMD-ENB-9073','interface_name' = 'Te0/0/4','port' = 'Te0/0/4','link' = 'MHMDMHMDPAR004_MBJNMBJNESR005','link_no' = 22060953],path_information : (P1 = (ticket_id = 49656247,link = MHMDMHMDPAR004_MBJNMBJNESR005,ticket_type = THREAT,down_type = LINK,outage_start_time = 2026-05-01 07:53:30,outage_created_time = 2026-05-01 07:56:07)),TBFCKEY_49656247, #IFDOWN-AG1_CSS_IPOF#,ticket_nature : IPOF
PR TBFC_P1 - Interface down Affected:12 [DOWN:1,THREAT:11] CSS_CSS: IPOF : between I-UE-GZPR-ENB-9090 GZPRGZPRESR054-BD354-TenGigabitEthernet0/0/10 and I-UE-JKNN-ENB-9120 JKNNJKNNESR082-Te0/0/0/25-Te0/0/0/25[Belasari and ] CMP -  Azamgarh  since 2026-05-01 07:53:29.0 ; 
@ DO",5.23,00:11,Others,Intracity,North,Own,Intracity IP Access,Permanent,INUEMHMDXXXXTW0044NA1PAR001,1.00172E+11,,NULL,,1,May-26,WK-18'26,TTR>4Hrs
2026WK-18'26,2026,WK-18'26,IM368200913,,UP East,Varanasi,CMM Name,I-UE-MGLI-ENB-9002,I-UE-MGLI-ENB-4400,,,O & M,NSA,AG1 - CSS,Fibre Cut,04-05-2026,04-05-2026 11:36,04-05-2026 11:36,0000-00-00 00:00:00,05-05-2026 01:48,Resolved,Restored by double joint,"Pintu  kumar  +917307083813//Own Fiber cut  due to  nagar nigam  demolition  drive//DJ  200  mtr  permanent//OTDR  4.6   km from   I-UE-MGLI-ENB-4400//delay  due to  nagar  nigam  access  issue

CMP_Interface Down [5]: UTTAR PRADESH(EAST)/Varanasi;Link: AG1_CSS : IPOF :; Down Since:2026-05-04 11:25:16.000000
 $$ [AG1_CSS]I-UE-MGLI-ENB-9002<->I-UE-MGLI-ENB-4400;[AG1_CSS]I-UE-MGLI-ENB-T002<->I-UE-MGLI-ENB-4400;[AG1_CSS]I-UE-MGLI-ENB-6009<->I-UE-MGLI-ENB-4400;[CSS_CSS]I-UE-MGLI-ENB-0039<->I-UE-MGLI-ENB-0035;[AG2_OLT]I-UE-MGLI-ENB-9002<->I-UE-AZMG-JCN-6000 $$ 

PR TBFC_P1 - Interface down Affected:23 [DOWN:0,THREAT:23] AG1_CSS: IPOF : between I-UE-MGLI-ENB-9002 MGLISBHNESR002-Te0/0/0/25-Te0/0/0/25 and I-UE-MGLI-ENB-4400 MGLIALNEPAR003-Te0/3/0/4-Te0/3/0/4[Ali Nagar and ] CMP -  Varanasi  since 2026-05-04 11:25:16.0 ; 
@ DOWN[], THREAT[], Linked_Tickets:[LINK1: UE-49746248-MI],spur:'0',,is_fork:0,fork_parent_information:None,spur_media_type:None,parent : ['hostname' = 'MGLISBHNESR002','sap_id' = 'I-UE-MGLI-ENB-9002','interface_name' = 'Te0/0/0/25','port' = 'Te0/0/0/25','link' = 'MGLISBHNESR002_MGLIALNEPAR003','link_no' = 22172350],path_information : (P1 = (ticket_id = 49746248,link = MGLISBHNESR002_MGLIALNEPAR003,ticket_type = THREAT,down_type = LINK,outage_start_time = 2026-05-04 11:25:16,outage_created_time = 2026-05-04 11:28:16)),TBFCKEY_49746248, #IFDOWN-AG1_CSS_IPOF#,ticket_nature : IPOF
PR TBFC_P1 - Interface down Affected:8 [DOWN:0,THREAT:8] AG1_CSS: IPOF : between I-",14.38,00:11,Municipal Corporation permission issue,Intracity,North,Own,Intracity IP Access,Permanent,INUEMGLIALNECR0001SN1PAR001,1.00169E+11,,NULL,,5,May-26,WK-18'26,TTR>4Hrs
2026WK-18'26,2026,WK-18'26,IM368463607,,UP East,Varanasi,CMM Name,Varanasi-Gopiganj-Allahabad RCN,Allahabad OTN-Gopiganj RCN,,,O & M,,Core - Collector,Fibre Cut,05-05-2026,0000-00-00 00:00:00,05-05-2026 13:40,06-05-2026 09:30,06-05-2026 08:34,Resolved,Fiber cable swap / replaced,"As per Mr  Anil +919236407175 // Own  UG fiber //  Cut due to  cable partially damaged in UPPCL  power cable work   // OTDR at   65  km from  Allahabad  JCN  // Restored by  fiber swapped //  no any JC added  // Delay due to high loss. Affected Service 	LinkName 	SpanName 	Power Levels 	Service Up 	Is High Loss ?
Collector 	Varanasi-Gopiganj-Allahabad RCN 	Allahabad OTN-Gopiganj RCN 	9824 		
Span Name 	LER 	SpanLoss 	Egress 	Ingress 	Status
Allahabad otn - Gopiganj 	27.5 	25.25 	09.13 	-16.12 	-
Gopiganj - Allahabad otn 	27.5 	26.83 	09.71 	-17.12 	-
	
Core 2 	Allahabad- Patna 	Allahabad JCN-Gopiganj 	11742 		
Span Name 	LER 	SpanLoss 	Egress 	Ingress 	Status
Allahabad jcn - Gopiganj 	24.82 	23.59 	11.42 	-12.17 	-
Gopiganj - Allahabad jcn 	24.22 	22.64 	06.74 	-15.90 	-
	
Core 	Allahabad- Patna 	Allahabad JCN-Gopiganj 			
Core Power
Gopiganj (1-2/1-15-2) 	Allahabad JCN (2-6/2-1-2)
  	Line 	OSC 	ORL 	Line 	OSC 	ORL
Rx 	-6.90 	-34.00 	28.90 	-3.80 	-30.36 	49.70
Tx 	18.70 	-5.70 	34.90 	17.10 	-5.68 	34.20
SpanName 	LER 	Prev. Losses 	Line 	OSC Cal 	OSC
Gopiganj-Allahabad JCN 	23.28 		22.50 	24.66 	23.15
Allahabad JCN-Gopiganj 	23.28 		24.00 	28.32 	24.28
	
Collector 	Allahabad- Patna 	Handia-Gopiganj 	11420 		
Span Name 	LER 	SpanLoss 	Egress 	Ingress 	Status
Gopiganj - Handia 		18.26 	15.63 	-02.63 	-
Handia - Gopiganj 	22.79 	20.68 	12.64 	-08.04 	-",19.02,00:07,High Loss at Multiple Location,Intercity,North,Own,Transport,Temporary,UEVRNSUEGPKJSRC001_BU,1.00169E+11,,NULL,,6,May-26,WK-18'26,TTR>4Hrs
2026WK-18'26,2026,WK-18'26,IM367619913,,UP East,Varanasi,CMM Name,I-UE-MRYH-ENB-9113,I-UE-JNPR-JCN-6000,,,O & M,NSA,AG1 - CSS,Fibre Cut,01-05-2026,01-05-2026 14:19,01-05-2026 14:19,0000-00-00 00:00:00,01-05-2026 17:12,Resolved,Restored by double joint,"CMP_Interface Down [4]: UTTAR PRADESH(EAST)/Varanasi;Link: AG1_CSS : IPOF :; Down Since:2026-05-01 14:09:53.000000
 $$ [AG1_CSS]I-UE-MRYH-ENB-9113<->I-UE-JNPR-JCN-6000;[AG1_CSS]I-UE-JNPR-ENB-0010<->I-UE-JNPR-JCN-6000;[AG1_CSS]I-UE-JNPR-ENB-H004<->I-UE-JNPR-JCN-6000;[AG1_CSS]I-UE-JNPR-ENB-9125<->I-UE-JNPR-JCN-6000 $$ 

PR TBFC_P1 - Interface down Affected:33 [DOWN:0,THREAT:33] AG1_CSS: IPOF : between I-UE-MRYH-ENB-9113 MRYHMRYHESR087-Te0/0/0/25-Te0/0/0/25 and I-UE-JNPR-JCN-6000 JNPRBLUGPAR002-Te0/1/0/10-Te0/1/0/10[Jaunpur MCN and ] CMP -  Varanasi  since 2026-05-01 14:09:53.0 ; 
@ DOWN[], THREAT[], Linked_Tickets:[LINK1: UE-49665627-MJ],spur:'0',,is_fork:0,fork_parent_information:None,spur_media_type:None,parent : ['hostname' = 'MRYHMRYHESR087','sap_id' = 'I-UE-MRYH-ENB-9113','interface_name' = 'Te0/0/0/25','port' = 'Te0/0/0/25','link' = 'MRYHMRYHESR087_JNPRBLUGPAR002','link_no' = 22196694],path_information : (P1 = (ticket_id = 49665627,link = MRYHMRYHESR087_JNPRBLUGPAR002,ticket_type = THREAT,down_type = LINK,outage_start_time = 2026-05-01 14:09:53,outage_created_time = 2026-05-01 14:12:15)),TBFCKEY_49665627, #IFDOWN-AG1_CSS_IPOF#,ticket_nature : IPOF
PR TBFC_P1 - Interface down Affected:6 [DOWN:0,THREAT:6] AG1_CSS: IPOF : between I-UE-JNPR-ENB-0010 JNPRSHEKESR001-Te0/0/11-Te0/0/11 and I-UE-JNPR-JCN-6000 JNPRBLUGPAR002-Te0/0/0/17-Te0/0/0/17[Jaunpur MCN and ] CMP -  Varanasi  since 2026-05-01 14:09:54.0 ; 
@ DOWN[], THREAT[], Linked_Tickets:[LINK1: UE-49665630-MI],spur:'",3.03,00:09,,Intracity,North,Own,Intracity IP Access,Permanent,INUEJNPRBLUGNB0001ILAPAR002,1.00169E+11,,NULL,,1,May-26,WK-18'26,TTR<4Hrs
2026WK-18'26,2026,WK-18'26,IM368556860,,UP East,Varanasi,CMM Name,I-UE-KOOT-ENB-V001,I-UE-KOOT-ENB-9012,,,O & M,NSA,CSS - CSS,Fibre Cut,05-05-2026,05-05-2026 22:44,05-05-2026 22:44,0000-00-00 00:00:00,06-05-2026 10:38,Resolved,Restored by double joint,"CMP_Interface Down [1]: UTTAR PRADESH(EAST)/Varanasi;Link: CSS_CSS : IPOF :; Down Since:2026-05-05 22:36:00.000000
 $$ [CSS_CSS]I-UE-KOOT-ENB-V001<->I-UE-KOOT-ENB-9012 $$ 

PR TBFC_P1 - Interface down Affected:25 [DOWN:0,THREAT:25] CSS_CSS: IPOF : between I-UE-KOOT-ENB-V001 KOOTVNDYESR001-BD354-TenGigabitEthernet0/0/10 and I-UE-KOOT-ENB-9012 KOOTBRWBESR001-BD355-TenGigabitEthernet0/0/11[Shakti Nagar and ] CMP -  Varanasi  Sidhi  since 2026-05-05 22:36:00.0 ; 
@ DOWN[], THREAT[], Linked_Tickets:[LINK1: UE-49800612-MI],spur:'0',,is_fork:0,fork_parent_information:None,spur_media_type:None,parent : ['hostname' = 'KOOTVNDYESR001','sap_id' = 'I-UE-KOOT-ENB-V001','interface_name' = 'BD354','port' = 'TenGigabitEthernet0/0/10','link' = 'KOOTVNDYESR001_KOOTBRWBESR001','link_no' = 22326845],path_information : (P1 = (ticket_id = 49800612,link = KOOTVNDYESR001_KOOTBRWBESR001,ticket_type = THREAT,down_type = LINK,outage_start_time = 2026-05-05 22:36:00,outage_created_time = 2026-05-05 22:38:39)),TBFCKEY_49800612, #IFDOWN-CSS_CSS_IPOF#,ticket_nature : IPOF",12.03,00:08,,Intracity,North,Own,Intracity IP Access,,INUEKOOTVNDYTW0001ENBESR001,1.00169E+11,,NULL,,6,May-26,WK-18'26,TTR>4Hrs
2026WK-18'26,2026,WK-18'26,IM367818682,,UP East,Raibareilly,CMM Name,I-UE-SPUR-AG2-0001,I-UE-BKAR-ENB-9068,,,O & M,NSA,AG1 - CSS,Fibre Cut,02-05-2026,02-05-2026 13:59,02-05-2026 13:59,0000-00-00 00:00:00,02-05-2026 17:46,Resolved,Restored by double joint,"Please update the RFO of below TT . OWN 48F cable cut happened at 7.6 KM from  I-UE-BKAR-ENB-9068 in private plotting work .
Restored permanent with double joint 230 meter cable added .


CMP_Interface Down [2]: UTTAR PRADESH(EAST)/Raibareilly;Link: AG1_CSS : IPOF :; Down Since:2026-05-02 13:47:38.000000
 $$ [AG1_CSS]I-UE-SPUR-AG2-0001<->I-UE-BKAR-ENB-9068;[CSS_CSS]I-UE-SRGS-ENB-I001<->I-UE-BHTI-ENB-9033 $$ 

PR TBFC_P1 - Interface down Affected:7 [DOWN:0,THREAT:7] AG1_CSS: IPOF : between I-UE-SPUR-AG2-0001 SPURLXMRPAR004-Te0/4/0/6-Te0/4/0/6 and I-UE-BKAR-ENB-9068 BKARBKARESR061-Te0/0/11-Te0/0/11[Sultanpur NLD AG2 and ] CMP -  Faizabad  since 2026-05-02 13:47:38.0 ; 
@ DOWN[], THREAT[], Linked_Tickets:[LINK1: UE-49693460-MI],spur:'0',,is_fork:0,fork_parent_information:None,spur_media_type:None,parent : ['hostname' = 'SPURLXMRPAR004','sap_id' = 'I-UE-SPUR-AG2-0001','interface_name' = 'Te0/4/0/6','port' = 'Te0/4/0/6','link' = 'SPURLXMRPAR004_BKARBKARESR061','link_no' = 22216849],path_information : (P1 = (ticket_id = 49693460,link = SPURLXMRPAR004_BKARBKARESR061,ticket_type = THREAT,down_type = LINK,outage_start_time = 2026-05-02 13:47:38,outage_created_time = 2026-05-02 13:50:51)),TBFCKEY_49693460, #IFDOWN-AG1_CSS_IPOF#,ticket_nature : IPOF
PR TBFC_P1 - Interface down Affected:12 [DOWN:0,THREAT:12] CSS_CSS: IPOF : between I-UE-SRGS-ENB-I001 JSGPJSGPESR001-BD355-TenGigabitEthernet0/0/11 and I-UE-BHTI-ENB-9033 BHTIBHTIESR034-BD354-TenGigabitEthernet0/0/10[Sarangpur and ]",3.97,00:11,,Intracity,North,Own,Intracity IP Access,,INUESPURLXMRCR0001NA2PAR004,1.0017E+11,,NULL,,2,May-26,WK-18'26,TTR<4Hrs
2026WK-18'26,2026,WK-18'26,IM368680513,,UP East,Gorakhpur,CMM Name,I-UE-DONJ-ILA-0001,I-UE-DONJ-ENB-9063,,,O & M,NSA,AG1 - CSS,Fibre Cut,06-05-2026,06-05-2026 14:07,06-05-2026 14:07,0000-00-00 00:00:00,06-05-2026 20:10,Resolved,Restored by double joint,"CMP_Interface Down [1]: UTTAR PRADESH(EAST)/Gorakhpur;Link: AG1_CSS : IPOF :; Down Since:2026-05-06 13:57:16.000000
 $$ [AG1_CSS]I-UE-DONJ-ILA-0001<->I-UE-DONJ-ENB-9063 $$ 

PR TBFC_P1 - Interface down Affected:6 [DOWN:0,THREAT:6] AG1_CSS: IPOF : between I-UE-DONJ-ILA-0001 DONJDONJPAR004-Te0/0/6-Te0/0/6 and I-UE-DONJ-ENB-9063 DONJDONJESR048-Te0/0/11-Te0/0/11[Doomariya Ganj and ] CMP -  Gorakhpur  since 2026-05-06 13:57:16.0 ; 
@ DOWN[], THREAT[], Linked_Tickets:[LINK1: UE-49818887-MI],spur:'0',,is_fork:0,fork_parent_information:None,spur_media_type:None,parent : ['hostname' = 'DONJDONJPAR004','sap_id' = 'I-UE-DONJ-ILA-0001','interface_name' = 'Te0/0/6','port' = 'Te0/0/6','link' = 'DONJDONJPAR004_DONJDONJESR048','link_no' = 22114778],path_information : (P1 = (ticket_id = 49818887,link = DONJDONJPAR004_DONJDONJESR048,ticket_type = THREAT,down_type = LINK,outage_start_time = 2026-05-06 13:57:16,outage_created_time = 2026-05-06 13:59:58)),TBFCKEY_49818887, #IFDOWN-AG1_CSS_IPOF#,ticket_nature : IPOF",6.22,00:09,Others,Intracity,North,Own,Intracity IP Access,Permanent,INUEDONJXXXXCR0001IA1PAR002,TBD,,NULL,,6,May-26,WK-18'26,TTR>4Hrs
2026WK-18'26,2026,WK-18'26,IM367471729,,UP East,Gorakhpur,CMM Name,I-UE-GKPR-ENB-0019,I-UE-GKPR-ENB-0430,,,O & M,NSA,AG1 - CSS,Fibre Cut,30-04-2026,30-04-2026 22:07,30-04-2026 22:07,0000-00-00 00:00:00,03-05-2026 00:32,Resolved,Restored by single joint,"Own fiber partially damaged at 2.5KM from I-UE-GKPR-ENB-0019, restored by single joint, delay due to high loss at multiple locations 
CMP_Interface Down [2]: UTTAR PRADESH(EAST)/Gorakhpur;Link: AG1_CSS : IPOF :; Down Since:2026-04-30 21:57:01.000000
 $$ [AG1_CSS]I-UE-GKPR-ENB-0019<->I-UE-GKPR-ENB-0430;[AG2_OLT]I-UE-GKPR-ENB-0228<->I-UE-GKPR-AG2-0001 $$ 

PR TBFC_P1 - Interface down Affected:7 [DOWN:0,THREAT:7] AG1_CSS: IPOF : between I-UE-GKPR-ENB-0019 GKPRSLKMPAR001-Te0/4/1-Te0/4/1 and I-UE-GKPR-ENB-0430 GKPRSEMRESR003-Te0/0/11-Te0/0/11[Padriroad and ] CMP -  Gorakhpur  since 2026-04-30 21:57:01.0 ; 
@ DOWN[], THREAT[], Linked_Tickets:[LINK1: UE-49643399-MI],spur:'0',,is_fork:0,fork_parent_information:None,spur_media_type:None,parent : ['hostname' = 'GKPRSLKMPAR001','sap_id' = 'I-UE-GKPR-ENB-0019','interface_name' = 'Te0/4/1','port' = '','link' = 'GKPRSLKMPAR001_GKPRSEMRESR003','link_no' = 11928424],path_information : (P1 = (ticket_id = 49643399,link = GKPRSLKMPAR001_GKPRSEMRESR003,ticket_type = THREAT,down_type = LINK,outage_start_time = 2026-04-30 21:57:01,outage_created_time = 2026-04-30 22:01:07)),TBFCKEY_49643399, #IFDOWN-AG1_CSS_IPOF#,ticket_nature : IPOF
Fttx:Fiber Cut Between AG2 to OLT: IPOF : | INUEGKPRRESCTW0001ENBOLT001_NT-A:SFP-2 | I-UE-GKPR-ENB-0228 | 10.1.188.116 | Pokharbind urf Karimnagar and INUEGKPRGKDANB0001NA2AAR002_TENGIGE0/1/0/4 | I-UE-GKPR-AG2-0001 | 49.44.4.108 | Gorakhpur
[Link 1:INUEGKPRRESCTW0001ENBOLT001_NT-A:SFP-2 | I-UE-GKPR-ENB-0228 | 1",50.58,00:10,,Intracity,North,Own,Intracity IP Access,,INUEGKPRSLKMTW0001MA1PAR001,1.00171E+11,,NULL,,3,May-26,WK-18'26,TTR>4Hrs
2026WK-18'26,2026,WK-18'26,IM367933692,,UP East,Varanasi,CMM Name,I-UE-VRNS-ENB-B002,I-UE-VRNS-ENB-6044,,,O & M,NSA,CSS - CSS,Fibre Cut,03-05-2026,03-05-2026 01:53,03-05-2026 01:53,0000-00-00 00:00:00,03-05-2026 10:52,Resolved,Restored by double joint,"as per pintu aerial cable partially damaged by heavy storm restored by double joint permanent 200m cable add of 96f otdr 1.7km from I-UE-VRNS-ENB-6044 delay due to owner and storm issue 
CMP_Interface Down [1]: UTTAR PRADESH(EAST)/Varanasi;Link: CSS_CSS : IPOF :; Down Since:2026-05-03 01:43:42.000000
 $$ [CSS_CSS]I-UE-VRNS-ENB-B002<->I-UE-VRNS-ENB-6044 $$ 

PR TBFC_P1 - Interface down Affected:9 [DOWN:0,THREAT:9] CSS_CSS: IPOF : between I-UE-VRNS-ENB-B002 VRNSPRMCESR001-BD355-TenGigabitEthernet0/0/11 and I-UE-VRNS-ENB-6044 VRNSLMHIESR002-BD354-TenGigabitEthernet0/0/10[Pandeypur and ] CMP -  Varanasi  since 2026-05-03 01:43:42.0 ; 
@ DOWN[], THREAT[], Linked_Tickets:[LINK1: UE-49710992-MI],spur:'0',,is_fork:0,fork_parent_information:None,spur_media_type:None,parent : ['hostname' = 'VRNSPRMCESR001','sap_id' = 'I-UE-VRNS-ENB-B002','interface_name' = 'BD355','port' = 'TenGigabitEthernet0/0/11','link' = 'VRNSPRMCESR001_VRNSLMHIESR002','link_no' = 22100452],path_information : (P1 = (ticket_id = 49710992,link = VRNSPRMCESR001_VRNSLMHIESR002,ticket_type = SA,down_type = LINK,outage_start_time = 2026-05-03 01:43:42,outage_created_time = 2026-05-03 01:45:53)),TBFCKEY_49710992, #IFDOWN-CSS_CSS_IPOF#,ticket_nature : IPOF",9.13,00:09,Others,Intracity,North,Own,Intracity IP Access,Permanent,INUEVRNSPRMCNB6001ENBESR001,1.00172E+11,,NULL,,3,May-26,WK-18'26,TTR>4Hrs
2026WK-18'26,2026,WK-18'26,IM368880276,,UP East,Faizabad,CMM Name,I-UE-RDHU-ENB-I001,I-UE-BHNP-ENB-A003,,,O & M,NSA,CSS - CSS,Fibre Cut,07-05-2026,07-05-2026 12:55,07-05-2026 12:55,0000-00-00 00:00:00,07-05-2026 19:30,Resolved,Fiber cable swap / replaced,"RFO - Rcom fiber break at 4.3 from RDHU in buried closer, link restored after fiber swapped.CMP_Interface Down [1]: UTTAR PRADESH(EAST)/Faizabad;Link: CSS_CSS : IPOF :; Down Since:2026-05-07 12:44:22.000000
 $$ [CSS_CSS]I-UE-RDHU-ENB-I001<->I-UE-BHNP-ENB-A003 $$ 

PR TBFC_P1 - Interface down Affected:36 [DOWN:0,THREAT:36] CSS_CSS: IPOF : between I-UE-RDHU-ENB-I001 RDHURDHUESR011-BD355-TenGigabitEthernet0/0/11 and I-UE-BHNP-ENB-A003 BHNPBHNPESR009-BD354-TenGigabitEthernet0/0/10[Andeura and ] CMP -  Faizabad  Gorakhpur  since 2026-05-07 12:44:22.0 ; 
@ DOWN[], THREAT[], Linked_Tickets:[LINK1: UE-49847928-MJ],spur:'0',,is_fork:0,fork_parent_information:None,spur_media_type:None,parent : ['hostname' = 'RDHURDHUESR011','sap_id' = 'I-UE-RDHU-ENB-I001','interface_name' = 'BD355','port' = 'TenGigabitEthernet0/0/11','link' = 'RDHURDHUESR011_BHNPBHNPESR009','link_no' = 22020293],path_information : (P1 = (ticket_id = 49847928,link = RDHURDHUESR011_BHNPBHNPESR009,ticket_type = THREAT,down_type = LINK,outage_start_time = 2026-05-07 12:44:22,outage_created_time = 2026-05-07 12:47:05)),TBFCKEY_49847928, #IFDOWN-CSS_CSS_IPOF#,ticket_nature : IPOF",6.75,00:10,,Intracity,North,RCOM,Intracity IP Access,,INUERDHUXXXXTW6013ENBESR001,1.00172E+11,,NULL,,7,May-26,WK-18'26,TTR>4Hrs
2026WK-18'26,2026,WK-18'26,IM368200205,,UP East,Gorakhpur,CMM Name,I-UE-GKPR-AG2-0001,I-UE-GKPR-ENB-V005,,,O & M,NSA,AG2-OLTE (FTTX),Fibre Cut,04-05-2026,04-05-2026 11:22,04-05-2026 11:22,0000-00-00 00:00:00,05-05-2026 00:03,Resolved,Restored by double joint,"CMP_Interface Down [1]: UTTAR PRADESH(EAST)/Gorakhpur;Link: AG2_OLT : IPOF :; Down Since:2026-05-04 11:13:03.000000
 $$ [AG2_OLT]I-UE-GKPR-AG2-0001<->I-UE-GKPR-ENB-V005 $$ 

Fttx:Fiber Cut Between AG2 to OLT: IPOF : AG2_Port_Down-OLT_Port_UP|Partial Fiber cut| GKPRGKDAAAR002/TenGigE0/1/0/2 | 2405:200:204:38:49:44:4:108.: | TenGigE0/1/0/2 | connected to OLT -INUEGKPRRIGJTW6001ENBOLT001_NT-A:SFP-2 | I-UE-GKPR-ENB-V005 | 10.1.175.4 | Normal College | Customer on threat : 390",12.83,00:09,High Loss at Multiple Location,Intercity,North,Own,Intercity IP Core,Permanent,INUEGKPRGKDANB0001NA2AAR002 / ASR9KDCV2/LC-1/SFPSLT-2/GE-10G MM-Tx,1.00169E+11,,NULL,,5,May-26,WK-18'26,TTR>4Hrs
2026WK-18'26,2026,WK-18'26,IM368284330,,UP East,Gorakhpur,CMM Name,I-UE-GKPR-ENB-H022,I-UE-GKPR-ENB-0149,,,O & M,NSA,AG1 - CSS,Fibre Cut,04-05-2026,04-05-2026 18:17,04-05-2026 18:19,0000-00-00 00:00:00,05-05-2026 00:46,Resolved,Restored by double joint,"Own fiber cut in culvat cutting ,1.2KM from GKPR-0149, DJ 200 add, delay due to permission issues 

CMP_Interface Down [1]: UTTAR PRADESH(EAST)/Gorakhpur;Link: AG1_CSS : IPOF :; Down Since:2026-05-04 18:17:56.000000
 $$ [AG1_CSS]I-UE-GKPR-ENB-H022<->I-UE-GKPR-ENB-0149 $$ 

PR TBFC_P1 - Interface down Affected:6 [DOWN:0,THREAT:6] AG1_CSS: IPOF : between I-UE-GKPR-ENB-H022 GKPRRSPLESR003-Te0/0/11-Te0/0/11 and I-UE-GKPR-ENB-0149 GKPRRJDGPAR001-Te0/4/1-Te0/4/1[Islamia Nagar and ] CMP -  Gorakhpur  since 2026-05-04 18:17:56.0 ; 
@ DOWN[], THREAT[], Linked_Tickets:[LINK1: UE-49758224-MI],spur:'0',,is_fork:0,fork_parent_information:None,spur_media_type:None,parent : ['hostname' = 'GKPRRSPLESR003','sap_id' = 'I-UE-GKPR-ENB-H022','interface_name' = 'Te0/0/11','port' = 'Te0/0/11','link' = 'GKPRRSPLESR003_GKPRRJDGPAR001','link_no' = 14084701],path_information : (P1 = (ticket_id = 49758224,link = GKPRRSPLESR003_GKPRRJDGPAR001,ticket_type = THREAT,down_type = LINK,outage_start_time = 2026-05-04 18:17:56,outage_created_time = 2026-05-04 18:19:25)),TBFCKEY_49758224, #IFDOWN-AG1_CSS_IPOF#,ticket_nature : IPOF",6.47,00:02,,Intracity,North,Own,Intracity IP Access,,INUEGKPRRJDGNB0001MA1PAR001,1.00169E+11,,NULL,,5,May-26,WK-18'26,TTR>4Hrs
2026WK-18'26,2026,WK-18'26,IM367794832,,UP East,Varanasi,CMM Name,Gorakhpur- Barhalganj-Azamgarh-Varanasi,Kerakat-Pindara,,,O & M,NSA,Collector,Fibre Cut,02-05-2026,0000-00-00 00:00:00,02-05-2026 12:06,0000-00-00 00:00:00,02-05-2026 23:08,Resolved,Restored by double joint,Child TT-IM367806157 IM367846099 IM367863088 IM367904578,11.17,00:08,Others,Intercity,North,Own,Transport,Permanent,UEKEATUEPINRSPQ006_BU,1.00169E+11,,NULL,,2,May-26,WK-18'26,TTR>4Hrs
2026WK-18'26,2026,WK-18'26,IM367532986,,UP East,Varanasi,CMM Name,I-UE-JNPR-ENB-6015,I-UE-JNPR-ENB-6013,,,O & M,NSA,OLT - OLT,Fibre Cut,01-05-2026,01-05-2026 01:55,01-05-2026 01:59,0000-00-00 00:00:00,01-05-2026 09:33,Resolved,Restored by double joint,"CMP_Interface Down [1]: UTTAR PRADESH(EAST)/Varanasi;Link: OLT_OLT : IPOF :; Down Since:2026-05-01 01:55:07.000000
 $$ [OLT_OLT]I-UE-JNPR-ENB-6015<->I-UE-JNPR-ENB-6013 $$ 

Fttx:Fiber Cut Between OLT to OLT: IPOF : | INUEJNPRBLUGTW6001ENBOLT001_NT-A:SFP-2 | I-UE-JNPR-ENB-6015 | 10.1.179.156 | Sadar Jaunpur and INUEJNPRGPLRTW6001ENBOLT001_NT-A:XFP:1 | I-UE-JNPR-ENB-6013 | 10.1.179.164 | Shahi Killa
[Link 1:INUEJNPRBLUGTW6001ENBOLT001_NT-A:SFP-2 | I-UE-JNPR-ENB-6015 | 10.1.179.156 | Sadar,Jaunpur and INUEJNPRGPLRTW6001ENBOLT001_NT-A:XFP:1 | I-UE-JNPR-ENB-6013 | 10.1.179.164 | Shahi Killa]
 Loss of signal on nt-a:xfp:2 | Site Friendly Name :: Sadar Jaunpur | SAP ID :: I-UE-JNPR-ENB-6015 | INUEJNPRBLUGTW6001ENBOLT001
 Customer on Threat :: 1314 and Enterprise customer on threat= 1 
CorrelatedAlarms :di_n_fttx_nokia:3595136803 , Planned_outage_indication detail: CR No :C6284408,PE Time01-05-2026 00:00:00&01-05-2026 06:00:00",7.63,00:04,,Intercity,North,Own,Intercity IP Core,,INUEJNPRBLUGTW6001ENBOLT001,1.0017E+11,,NULL,,1,May-26,WK-18'26,TTR>4Hrs
2026WK-18'26,2026,WK-18'26,IM368458779,,UP East,Gorakhpur,CMM Name,I-UE-GKPR-AG2-0001,I-UE-GKPR-ENB-0041,,,O & M,NSA,AG1 - CSS,Fibre Cut,05-05-2026,05-05-2026 13:21,05-05-2026 13:21,0000-00-00 00:00:00,05-05-2026 22:48,Resolved,Restored by single joint,"Own fiber partially damaged at 3.8KM from I-UE-GKPR-ENB-0041, restored by single joint, delay due to high loss as multiple location.


CMP_Interface Down [1]: UTTAR PRADESH(EAST)/Gorakhpur;Link: AG1_CSS : IPOF :; Down Since:2026-05-05 13:10:51.000000
 $$ [AG1_CSS]I-UE-GKPR-AG2-0001<->I-UE-GKPR-ENB-0041 $$ 

PR TBFC_P1 - Interface down Affected:23 [DOWN:0,THREAT:23] AG1_CSS: IPOF : between I-UE-GKPR-AG2-0001 GKPRGKDAPAR002-Te0/4/0/6-Te0/4/0/6 and I-UE-GKPR-ENB-0041 GKPRGKPRESR003-Te0/0/11-Te0/0/11[Gorakhpur and ] CMP -  Gorakhpur  Faizabad  since 2026-05-05 13:10:51.0 ; 
@ DOWN[], THREAT[], Linked_Tickets:[LINK1: UE-49785814-MI],spur:'0',,is_fork:0,fork_parent_information:None,spur_media_type:None,parent : ['hostname' = 'GKPRGKDAPAR002','sap_id' = 'I-UE-GKPR-AG2-0001','interface_name' = 'Te0/4/0/6','port' = 'Te0/4/0/6','link' = 'GKPRGKDAPAR002_GKPRGKPRESR003','link_no' = 21951393],path_information : (P1 = (ticket_id = 49785814,link = GKPRGKDAPAR002_GKPRGKPRESR003,ticket_type = THREAT,down_type = LINK,outage_start_time = 2026-05-05 13:10:51,outage_created_time = 2026-05-05 13:15:27)),TBFCKEY_49785814, #IFDOWN-AG1_CSS_IPOF#,ticket_nature : IPOF",9.62,00:10,,Intracity,North,Own,Intracity IP Access,,INUEGKPRGKDANB0001NA2PAR002,1.00169E+11,,NULL,,5,May-26,WK-18'26,TTR>4Hrs
2026WK-18'26,2026,WK-18'26,IM368657990,,UP East,Gorakhpur,CMM Name,I-UE-GKPR-AG2-0002,I-UE-GKPR-ENB-0516,,,O & M,NSA,AG2-OLTE (FTTX),Fibre Cut,06-05-2026,06-05-2026 11:51,06-05-2026 11:59,0000-00-00 00:00:00,06-05-2026 18:57,Resolved,Restored by single joint,"CMP_Interface Down [1]: UTTAR PRADESH(EAST)/Gorakhpur;Link: AG2_OLT : IPOF :; Down Since:2026-05-06 11:51:31.000000
 $$ [AG2_OLT]I-UE-GKPR-AG2-0002<->I-UE-GKPR-ENB-0516 $$ 

Fttx:Fiber Cut Between AG2 to OLT: IPOF : AG2_Port_Down-OLT_Port_UP|Partial Fiber cut| GKPROTELAAR001/TenGigE0/0/1/4 | 2405:200:204:38:49:44:3:168.: | TenGigE0/0/1/4 | connected to OLT -INUEGKPRBDKJTW0002ENBOLT001_NT-A:SFP-1 | I-UE-GKPR-ENB-0516 | 10.1.189.212 | NA | Customer on threat : 223",7.08,00:08,,Intercity,North,Own,Intercity IP Core,Permanent,INUEGKPROTELNB0001MA2AAR001,1.00169E+11,,NULL,,6,May-26,WK-18'26,TTR>4Hrs
2026WK-18'26,2026,WK-18'26,IM367793609,,UP East,Gorakhpur,CMM Name,I-UE-RDPR-ENB-I001,I-UE-RDPR-ENB-H005,,,O & M,NSA,CSS - CSS,Fibre Cut,02-05-2026,02-05-2026 11:59,02-05-2026 11:59,0000-00-00 00:00:00,02-05-2026 18:46,Resolved,Restored by double joint,"Own aerial fiber burned during garbage burning work at 0.5KM I-UE-RDPR-ENB-H005, restored by double joint, 400 meter cable added, delay due to high loss 
CMP_Interface Down [1]: UTTAR PRADESH(EAST)/Gorakhpur;Link: CSS_CSS : IPOF :; Down Since:2026-05-02 11:49:01.000000
 $$ [CSS_CSS]I-UE-RDPR-ENB-I001<->I-UE-RDPR-ENB-H005 $$ 

PR TBFC_P1 - Interface down Affected:13 [DOWN:0,THREAT:13] CSS_CSS: IPOF : between I-UE-RDPR-ENB-I001 RDPRRDPRESR012-BD355-TenGigabitEthernet0/0/11 and I-UE-RDPR-ENB-H005 RDPRRDPRESR041-BD354-TenGigabitEthernet0/0/10[Sekhui and ] CMP -  Gorakhpur  since 2026-05-02 11:49:01.0 ; 
@ DOWN[], THREAT[], Linked_Tickets:[LINK1: UE-49690498-MI],spur:'0',,is_fork:0,fork_parent_information:None,spur_media_type:None,parent : ['hostname' = 'RDPRRDPRESR012','sap_id' = 'I-UE-RDPR-ENB-I001','interface_name' = 'BD355','port' = 'TenGigabitEthernet0/0/11','link' = 'RDPRRDPRESR012_RDPRRDPRESR041','link_no' = 22422915],path_information : (P1 = (ticket_id = 49690498,link = RDPRRDPRESR012_RDPRRDPRESR041,ticket_type = THREAT,down_type = LINK,outage_start_time = 2026-05-02 11:49:01,outage_created_time = 2026-05-02 11:51:54)),TBFCKEY_49690498, #IFDOWN-CSS_CSS_IPOF#,ticket_nature : IPOF",6.95,00:10,,Intracity,North,Own,Intracity IP Access,,INUERDPRXXXXTW6012ENBESR001,1.00172E+11,,NULL,,2,May-26,WK-18'26,TTR>4Hrs
2026WK-18'26,2026,WK-18'26,IM368788911,,UP East,Varanasi,CMM Name,I-UE-VRNS-ENB-0933,I-UE-VRNS-ENB-0944,,,O & M,NSA,AG1 - AG1,Fibre Cut,07-05-2026,07-05-2026 01:42,07-05-2026 01:42,0000-00-00 00:00:00,07-05-2026 07:51,Resolved,Restored by double joint,"Aerial cable damaged by nagar nigam at 1.4 kms from I-UE-VRNS-AG1-0944
200m cable added with Double joint //Permanent restored.


CMP_Interface Down [1]: UTTAR PRADESH(EAST)/Varanasi;Link: AG1_AG1 : IPOF :; Down Since:2026-05-07 01:34:41.000000
 $$ [AG1_AG1]I-UE-VRNS-ENB-0933<->I-UE-VRNS-ENB-0944
VRNSDMRNPAR001/TenGigabitEthernet0/3/8
VRNSPRHDPAR001/TenGigabitEthernet0/4/2
VRNSDMRNPAR001/TenGigabitEthernet0/4/2
VRNSPRHDPAR001/TenGigabitEthernet0/3/8 $$ 

Interface down AG1_AG1 Total :2,10G:2,100G:0,400G:0: IPOF : between I-UE-VRNS-ENB-0933 and I-UE-VRNS-ENB-0944[ASSI GHAT & RAJGHAT Varanasi ] since 2026-05-07 01:34:41
 PR ALARM : Interface down AG1_AG1 SO6-CO Total :2,10G:2,100G:0,400G:0 Rg:N Between Site : VRNSDMRNPAR001 port TenGigabitEthernet0/3/8; AND VRNSPRHDPAR001 port Port-Channel11-Fiber;MaintenancePoint - Varanasi;SAPID - I-UE-VRNS-ENB-0933;DESTINATION_SAPID - I-UE-VRNS-ENB-0944
VRNSDMRNPAR001/TenGigabitEthernet0/3/8
VRNSPRHDPAR001/TenGigabitEthernet0/4/2
VRNSDMRNPAR001/TenGigabitEthernet0/4/2
VRNSPRHDPAR001/TenGigabitEthernet0/3/8",6.27,00:07,,Intercity,North,Own,Intercity IP Core,Permanent,INUEVRNSDMRNTW0002MA1PAR001,1.00172E+11,,NULL,,7,May-26,WK-18'26,TTR>4Hrs
2026WK-18'26,2026,WK-18'26,IM368853817,,UP East,Faizabad,CMM Name,I-UE-BSTI-ENB-H007,I-UE-BSTI-ENB-0068,,,O & M,NSA,CSS - CSS,Fibre Cut,07-05-2026,07-05-2026 10:38,07-05-2026 10:38,0000-00-00 00:00:00,07-05-2026 22:05,Resolved,Restored by double joint,"RFO - Own 48f cable damaged due to Ep work at 7.3km from Basti, link restored permanently with DJ of 150m cable added.CMP_Interface Down [2]: UTTAR PRADESH(EAST)/Faizabad;Link: CSS_CSS : IPOF :; Down Since:2026-05-07 10:28:25.000000
 $$ [CSS_CSS]I-UE-BSTI-ENB-H007<->I-UE-BSTI-ENB-0068;[AG2_OLT]I-UE-BSTI-ENB-0068<->I-UE-GKPR-AG2-0001 $$ 

PR TBFC_P1 - Interface down Affected:11 [DOWN:0,THREAT:11] CSS_CSS: IPOF : between I-UE-BSTI-ENB-H007 BSTIJYPWESR005-BD355-TenGigabitEthernet0/0/11 and I-UE-BSTI-ENB-0068 BSTIJYPWESR004-BD354-TenGigabitEthernet0/0/10[Gandhi Nagar and ] CMP -  Faizabad  since 2026-05-07 10:28:25.0 ; 
@ DOWN[], THREAT[], Linked_Tickets:[LINK1: UE-49844621-MI],spur:'0',,is_fork:0,fork_parent_information:None,spur_media_type:None,parent : ['hostname' = 'BSTIJYPWESR005','sap_id' = 'I-UE-BSTI-ENB-H007','interface_name' = 'BD355','port' = 'TenGigabitEthernet0/0/11','link' = 'BSTIJYPWESR005_BSTIJYPWESR004','link_no' = 21994773],path_information : (P1 = (ticket_id = 49844621,link = BSTIJYPWESR005_BSTIJYPWESR004,ticket_type = THREAT,down_type = LINK,outage_start_time = 2026-05-07 10:28:25,outage_created_time = 2026-05-07 10:32:00)),TBFCKEY_49844621, #IFDOWN-CSS_CSS_IPOF#,ticket_nature : IPOF
Fttx:Fiber Cut Between AG2 to OLT: IPOF : | INUEBSTIJYPWTW0001ENBOLT001_NT-A:SFP-1 | I-UE-BSTI-ENB-0068 | 10.1.170.116 | Gandhi Nagar and INUEGKPRGKDANB0001NA2AAR001_TENGIGE0/1/1/0 | I-UE-GKPR-AG2-0001 | 49.44.4.107 | Gorakhpur
[Link 1:INUEBSTIJYPWTW0001ENBOLT001_NT-A:SFP-1 |",11.62,00:09,,Intracity,North,Own,Intracity IP Access,,INUEBSTIJYPWTW6004ENBESR001,1.00172E+11,,NULL,,7,May-26,WK-18'26,TTR>4Hrs
2026WK-18'26,2026,WK-18'26,IM368243667,,UP East,Allahabad,CMM Name,I-UE-ABDD-ENB-0498,I-UE-ABDD-ENB-0358,,,O & M,NSA,CSS - CSS,Fibre Cut,04-05-2026,04-05-2026 15:17,04-05-2026 15:17,0000-00-00 00:00:00,04-05-2026 18:02,Resolved,Restored by single joint,"CMP_Interface Down [1]: UTTAR PRADESH(EAST)/Allahabad;Link: CSS_CSS : IPOF :; Down Since:2026-05-04 15:07:30.000000
 $$ [CSS_CSS]I-UE-ABDD-ENB-0498<->I-UE-ABDD-ENB-0358 $$ 

PR TBFC_P1 - Interface down Affected:8 [DOWN:0,THREAT:8] CSS_CSS: IPOF : between I-UE-ABDD-ENB-0498 ABDDABDKESR003-Te0/0/0/25-Te0/0/0/25 and I-UE-ABDD-ENB-0358 ABDDALBDESR001-BD354-TenGigabitEthernet0/0/10[Madhupur Patti and ] CMP -  Allahabad  since 2026-05-04 15:07:30.0 ; 
@ DOWN[], THREAT[], Linked_Tickets:[LINK1: UE-49752012-MI],spur:'0',,is_fork:0,fork_parent_information:None,spur_media_type:None,parent : ['hostname' = 'ABDDABDKESR003','sap_id' = 'I-UE-ABDD-ENB-0498','interface_name' = 'Te0/0/0/25','port' = 'Te0/0/0/25','link' = 'ABDDABDKESR003_ABDDALBDESR001','link_no' = 16161505],path_information : (P1 = (ticket_id = 49752012,link = ABDDABDKESR003_ABDDALBDESR001,ticket_type = THREAT,down_type = LINK,outage_start_time = 2026-05-04 15:07:30,outage_created_time = 2026-05-04 15:10:06)),TBFCKEY_49752012, #IFDOWN-CSS_CSS_IPOF#,ticket_nature : IPOF",2.9,00:09,,Intracity,North,Own,Intracity IP Access,,INUEABDDABDKNB0001ENBESR001,1.00172E+11,,NULL,,4,May-26,WK-18'26,TTR<4Hrs
2026WK-18'26,2026,WK-18'26,IM368447444,,UP East,Allahabad,CMM Name,I-UE-CHYL-ENB-6009,I-UE-MNJP-ILA-0001,,,O & M,NSA,AG1 - AG1,Fibre Cut,05-05-2026,05-05-2026 12:30,05-05-2026 12:30,0000-00-00 00:00:00,05-05-2026 17:36,Resolved,Restored by single joint,"
Mr. Ranjeet patel // +919315180558// OWN // Cut due to NHI work //OTDR distance 5 km from I-UE-CHYL-ENB-6009// SJ/// Permanent / // Fiber type 48// 

CMP_Interface Down [2]: UTTAR PRADESH(EAST)/Allahabad;Link: AG1_AG1 : IPOF :; Down Since:2026-05-05 12:19:42.000000
 $$ [AG1_AG1]I-UE-CHYL-ENB-6009<->I-UE-MNJP-ILA-0001
SRAQSRAQPAR001/TenGigabitEthernet0/0/7
MNJPMNJPPAR002/TenGigabitEthernet0/4/2
MNJPMNJPPAR002/TenGigabitEthernet0/4/3
SRAQSRAQPAR001/TenGigabitEthernet0/0/0;[CSS_CSS]I-UE-MNJP-ENB-9082<->I-UE-CHYL-ENB-6008 $$ 

Interface down AG1_AG1 Total :2,10G:2,100G:0,400G:0: IPOF : between I-UE-CHYL-ENB-6009 and I-UE-MNJP-ILA-0001[Sarai Aquil & Manjhanpur ] since 2026-05-05 12:19:42
 PR ALARM : Interface down AG1_AG1 SO6-NA Total :2,10G:2,100G:0,400G:0 Rg:N Between Site : SRAQSRAQPAR001 port TenGigabitEthernet0/0/7; AND MNJPMNJPPAR002 port TenGE0/4/2-Fiber;MaintenancePoint - Allahabad;SAPID - I-UE-CHYL-ENB-6009;DESTINATION_SAPID - I-UE-MNJP-ILA-0001
SRAQSRAQPAR001/TenGigabitEthernet0/0/7
MNJPMNJPPAR002/TenGigabitEthernet0/4/2
MNJPMNJPPAR002/TenGigabitEthernet0/4/3
SRAQSRAQPAR001/TenGigabitEthernet0/0/0
PR TBFC_P1 - Interface down Affected:20 [DOWN:0,THREAT:20] CSS_CSS: IPOF : between I-UE-MNJP-ENB-9082 MNJPMNJPESR069-Te0/0/0/24-Te0/0/0/24 and I-UE-CHYL-ENB-6008 CHYLCHYLESR009-BD355-TenGigabitEthernet0/0/11[Jathi and ] CMP -  Allahabad  Banda  since 2026-05-05 12:19:43.0 ; 
@ DOWN[], THREAT[], Linked_Tickets:[LINK1: UE-49784438-MI],spur:'0',,is_fork:0,fork_pa",5.27,00:10,,Intercity,North,Own,Intercity IP Core,Permanent,INUESRAQSRAQTW6001ENBPAR001,TBD,,NULL,,5,May-26,WK-18'26,TTR>4Hrs
2026WK-18'26,2026,WK-18'26,IM367650083,,UP East,Raibareilly,CMM Name,I-UE-SPUR-AG2-0001,I-UE-FZAD-JCN-6000,,,O & M,NSA,AG2 - AG2,Fibre Cut,01-05-2026,01-05-2026 16:48,01-05-2026 16:48,0000-00-00 00:00:00,01-05-2026 20:52,Resolved,Restored by single joint,": OWN 48F intracity cable cut happened in Fatehpur city at Bindki bus stand .6 KM from I-UE-FPRP-ENB-0036 in culvert cleaning work .
Restored permanent with single joint .


CMP_Interface Down [4]: UTTAR PRADESH(EAST)/Raibareilly;Link: AG2_AG2 : IPOF :; Down Since:2026-05-01 16:44:05.000000
 $$ [AG2_AG2]I-UE-SPUR-AG2-0001<->I-UE-FZAD-JCN-6000
SPURLXMRAAR002/HundredGigE0/7/0/1
FZADCTBRAAR004/HundredGigE0/6/0/0
FZADCTBRAAR004/HundredGigE0/6/0/0
SPURLXMRAAR002/HundredGigE0/7/0/1;[CSS_CSS]I-UE-FPRP-ENB-0004<->I-UE-FPRP-ENB-0036;[CSS_CSS]I-UE-FPRP-ENB-0043<->I-UE-FPRP-ENB-0055;[OLT_OLT]I-UE-FPRP-ENB-0055<->I-UE-FPRP-ENB-0043 $$ 

Interface down AG2_AG2 Total :1,10G:0,100G:1,400G:0 between Sultanpur NLD AG2 and Sahadatganj since 2026-05-01 16:44:05
 PR ALARM : Interface down AG2_AG2 SO6 -1908137878- Total :1,10G:0,100G:1,400G:0 Rg:N Between Site : SPURLXMRAAR002 port HundredGigE0/7/0/1; AND FZADCTBRAAR004 port HE-0/6/0/0-ETH;MaintenancePoint - Raibareilly;SAPID - I-UE-SPUR-AG2-0001;DESTINATION_SAPID - I-UE-FZAD-JCN-6000
SPURLXMRAAR002/HundredGigE0/7/0/1
FZADCTBRAAR004/HundredGigE0/6/0/0
FZADCTBRAAR004/HundredGigE0/6/0/0
SPURLXMRAAR002/HundredGigE0/7/0/1
PR TBFC_P1 - Interface down Affected:8 [DOWN:0,THREAT:8] CSS_CSS: IPOF : between I-UE-FPRP-ENB-0004 FPRPASVKESR001-Te0/0/0/24-Te0/0/0/24 and I-UE-FPRP-ENB-0036 FPRPCVILESR001-BD355-TenGigabitEthernet0/0/11[NaiBasti and ] CMP -  Raibareilly  since 2026-05-01 16:37:44.0 ; 
@ DOWN[], THREAT[], Linked_Tickets:[LINK1: U",4.13,00:03,,Intercity,North,Own,Intercity IP Core,,INUESPURLXMRCR0001NA2AAR002,1.0017E+11,,NULL,,1,May-26,WK-18'26,TTR>4Hrs
2026WK-18'26,2026,WK-18'26,IM368711146,,UP East,Azamgarh,CMM Name,I-UE-MRDP-ENB-6000,I-UE-BRHL-ILA-6000,,,O & M,NSA,AG1 - AG1,Fibre Cut,06-05-2026,06-05-2026 16:46,06-05-2026 16:46,0000-00-00 00:00:00,06-05-2026 17:58,Resolved,Restored by double joint,"RCA :_ RCOM Leased Media UG 12F OFC , Low depth damaged in water pipeline work // OTDR 28.5 KM from I-UE-MRDP-AG1-6000 //Double joint // Permanent restored.CMP_Interface Down [2]: UTTAR PRADESH(EAST)/Azamgarh;Link: AG1_AG1 : IPOF :; Down Since:2026-05-06 16:38:45.000000
 $$ [AG1_AG1]I-UE-MRDP-ENB-6000<->I-UE-BRHL-ILA-6000
MRDPMRDPPAR001/TenGigabitEthernet0/4/5
BRHLBRHLPAR004/TenGigabitEthernet0/3/8;[CSS_CSS]I-UE-GOSI-ENB-9087<->I-UE-GOSI-ENB-6002 $$ 

Interface down AG1_AG1 Total :1,10G:1,100G:0,400G:0: IPOF : between I-UE-MRDP-ENB-6000 and I-UE-BRHL-ILA-6000[Maryadpur & Barhalganj ] since 2026-05-06 16:38:45
 PR ALARM : Interface down AG1_AG1 SO6-NA Total :1,10G:1,100G:0,400G:0 Rg:N Between Site : MRDPMRDPPAR001 port TenGigabitEthernet0/4/5; AND BRHLBRHLPAR004 port TenGE0/3/8-Fiber;MaintenancePoint - Azamgarh;SAPID - I-UE-MRDP-ENB-6000;DESTINATION_SAPID - I-UE-BRHL-ILA-6000
MRDPMRDPPAR001/TenGigabitEthernet0/4/5
BRHLBRHLPAR004/TenGigabitEthernet0/3/8
PR TBFC_P1 - Interface down Affected:17 [DOWN:0,THREAT:17] CSS_CSS: IPOF : between I-UE-GOSI-ENB-9087 GOSIGOSIESR067-BD354-TenGigabitEthernet0/0/10 and I-UE-GOSI-ENB-6002 GOSIGOSIESR009-BD355-TenGigabitEthernet0/0/11[Korauli and ] CMP -  Azamgarh  since 2026-05-06 16:38:45.0 ; 
@ DOWN[], THREAT[], Linked_Tickets:[LINK1: UE-49823317-MI],spur:'0',,is_fork:0,fork_parent_information:None,spur_media_type:None,parent : ['hostname' = 'GOSIGOSIESR067','sap_id' = 'I-UE-GOSI-ENB-9087','interface_name' = 'BD354','port' = 'TenGiga",1.32,00:07,,Intercity,North,RCOM,Intercity IP Core,,INUEMRDPMRDPTW6001ENBPAR001,1.00172E+11,,NULL,,6,May-26,WK-18'26,TTR<4Hrs
2026WK-18'26,2026,WK-18'26,IM368764111,,UP East,Gorakhpur,CMM Name,I-UE-GKPR-ENB-4403,I-UE-GKPR-ENB-0016,,,O & M,NSA,AG1 - CSS,Fibre Cut,06-05-2026,06-05-2026 22:13,06-05-2026 22:13,0000-00-00 00:00:00,06-05-2026 23:14,Resolved,High Ageing,"CMP_Interface Down [1]: UTTAR PRADESH(EAST)/Gorakhpur;Link: AG1_CSS : IPOF :; Down Since:2026-05-06 22:04:40.000000
 $$ [AG1_CSS]I-UE-GKPR-ENB-4403<->I-UE-GKPR-ENB-0016 $$ 

PR TBFC_P1 - Interface down Affected:7 [DOWN:0,THREAT:7] AG1_CSS: IPOF : between I-UE-GKPR-ENB-4403 GKPRGKDAPAR003-Te0/4/6-Te0/4/6 and I-UE-GKPR-ENB-0016 GKPRRLWPESR001-Te0/0/0/24-Te0/0/0/24[Rostampur Tappa Haveli and ] CMP -  Gorakhpur  since 2026-05-06 22:04:40.0 ; 
@ DOWN[], THREAT[], Linked_Tickets:[LINK1: UE-49831104-MI],spur:'0',,is_fork:0,fork_parent_information:None,spur_media_type:None,parent : ['hostname' = 'GKPRGKDAPAR003','sap_id' = 'I-UE-GKPR-ENB-4403','interface_name' = 'Te0/4/6','port' = 'Te0/4/6','link' = 'GKPRGKDAPAR003_GKPRRLWPESR001','link_no' = 11645889],path_information : (P1 = (ticket_id = 49831104,link = GKPRGKDAPAR003_GKPRRLWPESR001,ticket_type = THREAT,down_type = LINK,outage_start_time = 2026-05-06 22:04:40,outage_created_time = 2026-05-06 22:08:33)),TBFCKEY_49831104, #IFDOWN-AG1_CSS_IPOF#,ticket_nature : IPOF",1.15,00:08,,Intracity,North,Own,Intracity IP Access,,INUEGKPRGKDANB0002SM1PAR001,1.00169E+11,,NULL,,6,May-26,WK-18'26,TTR<4Hrs
2026WK-18'26,2026,WK-18'26,IM368714677,,UP East,Gorakhpur,CMM Name,I-UE-GKPR-ENB-0041,I-UE-GKPR-AG2-0001,,,O & M,NSA,AG1 - CSS,Fibre Cut,06-05-2026,06-05-2026 17:04,06-05-2026 17:04,0000-00-00 00:00:00,07-05-2026 02:06,Resolved,Restored by single joint,"CMP_Interface Down [1]: UTTAR PRADESH(EAST)/Gorakhpur;Link: AG1_CSS : IPOF :; Down Since:2026-05-06 16:54:52.000000
 $$ [AG1_CSS]I-UE-GKPR-ENB-0041<->I-UE-GKPR-AG2-0001 $$ 

PR TBFC_P1 - Interface down Affected:23 [DOWN:0,THREAT:23] AG1_CSS: IPOF : between I-UE-GKPR-ENB-0041 GKPRGKPRESR003-Te0/0/11-Te0/0/11 and I-UE-GKPR-AG2-0001 GKPRGKDAPAR002-Te0/4/0/6-Te0/4/0/6[Gorakhpur and ] CMP -  Gorakhpur  Faizabad  since 2026-05-06 16:54:52.0 ; 
@ DOWN[], THREAT[], Linked_Tickets:[LINK1: UE-49823699-MI],spur:'0',,is_fork:0,fork_parent_information:None,spur_media_type:None,parent : ['hostname' = 'GKPRGKPRESR003','sap_id' = 'I-UE-GKPR-ENB-0041','interface_name' = 'Te0/0/11','port' = 'Te0/0/11','link' = 'GKPRGKPRESR003_GKPRGKDAPAR002','link_no' = 21951393],path_information : (P1 = (ticket_id = 49823699,link = GKPRGKPRESR003_GKPRGKDAPAR002,ticket_type = THREAT,down_type = LINK,outage_start_time = 2026-05-06 16:54:52,outage_created_time = 2026-05-06 16:57:27)),TBFCKEY_49823699, #IFDOWN-AG1_CSS_IPOF#,ticket_nature : IPOF",9.18,00:09,,Intracity,North,Own,Intracity IP Access,,INUEGKPRGKDANB0001NA2PAR002,1.00169E+11,,NULL,,7,May-26,WK-18'26,TTR>4Hrs
2026WK-18'26,2026,WK-18'26,IM367923689,,UP East,Faizabad,CMM Name,I-UE-AKBR-ENB-I012,I-UE-AKBR-ENB-V002,,,O & M,NSA,CSS - CSS,Fibre Cut,02-05-2026,02-05-2026 23:56,02-05-2026 23:56,0000-00-00 00:00:00,03-05-2026 04:20,Resolved,Restored by single joint,"CMP_Interface Down [1]: UTTAR PRADESH(EAST)/Faizabad;Link: CSS_CSS : IPOF :; Down Since:2026-05-02 23:46:33.000000
 $$ [CSS_CSS]I-UE-AKBR-ENB-I012<->I-UE-AKBR-ENB-V002 $$ 

PR TBFC_P1 - Interface down Affected:14 [DOWN:0,THREAT:14] CSS_CSS: IPOF : between I-UE-AKBR-ENB-I012 AKBRAKBRESR027-BD355-TenGigabitEthernet0/0/11 and I-UE-AKBR-ENB-V002 AKBRAKBRESR021-BD354-TenGigabitEthernet0/0/10[Peerpur and ] CMP -  Faizabad  Raibareilly  Azamgarh  since 2026-05-02 23:46:33.0 ; 
@ DOWN[], THREAT[], Linked_Tickets:[LINK1: UE-49709237-MI],spur:'0',,is_fork:0,fork_parent_information:None,spur_media_type:None,parent : ['hostname' = 'AKBRAKBRESR027','sap_id' = 'I-UE-AKBR-ENB-I012','interface_name' = 'BD355','port' = 'TenGigabitEthernet0/0/11','link' = 'AKBRAKBRESR027_AKBRAKBRESR021','link_no' = 22444062],path_information : (P1 = (ticket_id = 49709237,link = AKBRAKBRESR027_AKBRAKBRESR021,ticket_type = THREAT,down_type = LINK,outage_start_time = 2026-05-02 23:46:33,outage_created_time = 2026-05-02 23:49:27)),TBFCKEY_49709237, #IFDOWN-CSS_CSS_IPOF#,ticket_nature : IPOF",4.55,00:10,,Intracity,North,Own,Intracity IP Access,,INUEAKBRXXXXTW6017ENBESR001,1.00172E+11,,NULL,,3,May-26,WK-18'26,TTR>4Hrs
2026WK-18'26,2026,WK-18'26,IM368872563,,UP East,Raibareilly,CMM Name,I-UE-SPUR-ENB-H002,I-UE-AMTI-ENB-H002,,,O & M,NSA,CSS - CSS,Fibre Cut,07-05-2026,07-05-2026 12:17,07-05-2026 12:17,0000-00-00 00:00:00,07-05-2026 15:30,Resolved,Restored by double joint,"Mr. pawan yadav // +919140973823// RCOM // Cut due to Private plotting work //OTDR distance 3.8 km from I-UE-SPUR-ENB-H002// /DJ 205 mtr  // Permanent / // Fiber type 24// Live core 02

CMP_Interface Down [1]: UTTAR PRADESH(EAST)/Raibareilly;Link: CSS_CSS : IPOF :; Down Since:2026-05-07 12:07:42.000000
 $$ [CSS_CSS]I-UE-SPUR-ENB-H002<->I-UE-AMTI-ENB-H002 $$ 

PR TBFC_P1 - Interface down Affected:20 [DOWN:0,THREAT:20] CSS_CSS: IPOF : between I-UE-SPUR-ENB-H002 SPURSPURESR031-Te0/0/0/24-Te0/0/0/24 and I-UE-AMTI-ENB-H002 AMTIAMTIESR026-BD355-TenGigabitEthernet0/0/11[Utori and ] CMP -  Raibareilly  Allahabad  since 2026-05-07 12:07:42.0 ; 
@ DOWN[], THREAT[], Linked_Tickets:[LINK1: UE-49846899-MI],spur:'0',,is_fork:0,fork_parent_information:None,spur_media_type:None,parent : ['hostname' = 'SPURSPURESR031','sap_id' = 'I-UE-SPUR-ENB-H002','interface_name' = 'Te0/0/0/24','port' = 'Te0/0/0/24','link' = 'SPURSPURESR031_AMTIAMTIESR026','link_no' = 21877047],path_information : (P1 = (ticket_id = 49846899,link = SPURSPURESR031_AMTIAMTIESR026,ticket_type = THREAT,down_type = LINK,outage_start_time = 2026-05-07 12:07:42,outage_created_time = 2026-05-07 12:09:56)),TBFCKEY_49846899, #IFDOWN-CSS_CSS_IPOF#,ticket_nature : IPOF",3.37,00:10,,Intracity,North,RCOM,Intracity IP Access,Permanent,INUESPURXXXXTW6014ENBESR001,1.00172E+11,,NULL,,7,May-26,WK-18'26,TTR<4Hrs
2026WK-18'26,2026,WK-18'26,IM368002650,,UP East,Gorakhpur,CMM Name,I-UE-GKPR-AG2-0001,I-UE-GKPR-ENB-0028,,,O & M,NSA,AG2 - AG1,Fibre Cut,03-05-2026,03-05-2026 11:42,03-05-2026 11:42,0000-00-00 00:00:00,03-05-2026 23:47,Resolved,Restored by double joint,"Own fiber cut during sewerage line work at 8.5 from I-UE-GKPR-AG2-0001, restored by double joint meter cable added, delay due to permission issue by Nagar Nigam and high loss.
CMP_Interface Down [6]: UTTAR PRADESH(EAST)/Gorakhpur;Link: AG2_AG1 : IPOF :; Down Since:2026-05-03 11:33:01.000000
 $$ [AG2_AG1]I-UE-GKPR-AG2-0001<->I-UE-GKPR-ENB-0028
GKPRGKDAAAR001/TenGigE0/2/0/10
GKPRGKDAAAR001/TenGigE0/2/0/11
GKPRGKDAAAR001/TenGigE0/2/0/11
GKPRGKDAAAR001/Bundle-Ether1623
GKPRGKDAAAR001/Bundle-Ether1623
GKPRGKDAAAR001/TenGigE0/2/0/10
GKPRCHMRPAR001/TenGigabitEthernet0/0/0;[AG1_AG1]I-UE-GKPR-ENB-0125<->I-UE-GKPR-ENB-0004
GKPRSHRKPAR001/TenGigabitEthernet0/4/0
GKPRKWBGPAR001/TenGigabitEthernet0/4/2
GKPRSHRKPAR001/TenGigabitEthernet0/4/3;[AG1_CSS]I-UE-GKPR-ENB-0066<->I-UE-GKPR-ENB-0125;[AG1_CSS]I-UE-GKPR-ENB-0024<->I-UE-GKPR-ENB-0004;[CSS_CSS]I-UE-GKPR-ENB-6019<->I-UE-GKPR-ENB-B003;[AG2_OLT]I-UE-GKPR-ENB-0037<->I-UE-GKPR-AG2-0001 $$ 

Interface down AG2_AG1 Total :2,10G:2,100G:0,400G:0 between Gorakhpur and NAKHAtola since 2026-05-03 11:33:01
 PR ALARM : Interface down AG2_AG1 SO6-CO Total :2,10G:2,100G:0,400G:0 Rg:N Between Site : GKPRGKDAAAR001 port TenGigE0/2/0/11; AND GKPRCHMRPAR001 port Port-Channel1-ETH;MaintenancePoint - Gorakhpur;SAPID - I-UE-GKPR-AG2-0001;DESTINATION_SAPID - I-UE-GKPR-ENB-0028
GKPRGKDAAAR001/TenGigE0/2/0/10
GKPRGKDAAAR001/TenGigE0/2/0/11
GKPRGKDAAAR001/TenGigE0/2/0/11
GKPRGKDAAAR001/Bundle-Ether1623
GKPRGKDAAAR001/Bundle-Ether1623
GKPRGKDA",12.23,00:09,High Loss at Multiple Location,Intercity,North,Own,Intercity IP Core,Temporary,INUEGKPRGKDANB0001NA2AAR001,TBD,,NULL,,3,May-26,WK-18'26,TTR>4Hrs
2026WK-18'26,2026,WK-18'26,IM368118886,,UP East,Varanasi,CMM Name,I-UE-VRNS-ENB-0336,I-UE-VRNS-ENB-4405,,,O & M,NSA,AG1 - CSS,Fibre Cut,04-05-2026,04-05-2026 01:26,04-05-2026 01:26,0000-00-00 00:00:00,04-05-2026 07:50,Resolved,Restored by double joint,"CMP_Interface Down [2]: UTTAR PRADESH(EAST)/Varanasi;Link: AG1_CSS : IPOF :; Down Since:2026-05-04 01:17:11.000000
 $$ [AG1_CSS]I-UE-VRNS-ENB-0336<->I-UE-VRNS-ENB-4405;[AG1_CSS]I-UE-VRNS-ENB-6142<->I-UE-VRNS-ENB-4405 $$ 

PR TBFC_P1 - Interface down Affected:5 [DOWN:0,THREAT:5] AG1_CSS: IPOF : between I-UE-VRNS-ENB-0336 VRNSMNKGESR001-Te0/0/0/24-Te0/0/0/24 and I-UE-VRNS-ENB-4405 VRNSSTNGPAR001-Te0/1/0/7-Te0/1/0/7[Jaddumandi and ] CMP -  Varanasi  since 2026-05-04 01:17:11.0 ; 
@ DOWN[], THREAT[], Linked_Tickets:[LINK1: UE-49735844-MI],spur:'0',,is_fork:0,fork_parent_information:None,spur_media_type:None,parent : ['hostname' = 'VRNSMNKGESR001','sap_id' = 'I-UE-VRNS-ENB-0336','interface_name' = 'Te0/0/0/24','port' = 'Te0/0/0/24','link' = 'VRNSMNKGESR001_VRNSSTNGPAR001','link_no' = 22093627],path_information : (P1 = (ticket_id = 49735844,link = VRNSMNKGESR001_VRNSSTNGPAR001,ticket_type = THREAT,down_type = LINK,outage_start_time = 2026-05-04 01:17:11,outage_created_time = 2026-05-04 01:19:56)),TBFCKEY_49735844, #IFDOWN-AG1_CSS_IPOF#,ticket_nature : IPOF
PR TBFC_P1 - Interface down Affected:7 [DOWN:0,THREAT:7] AG1_CSS: IPOF : between I-UE-VRNS-ENB-6142 VRNSDRNGESR001-Te0/0/0/20-Te0/0/0/20 and I-UE-VRNS-ENB-4405 VRNSSTNGPAR001-Te0/1/0/5-Te0/1/0/5[Jaddumandi and ] CMP -  Varanasi  since 2026-05-04 01:17:11.0 ; 
@ DOWN[], THREAT[], Linked_Tickets:[LINK1: UE-49735843-MI],spur:'0',,is_fork:0,fork_parent_information:None,spur_media_type:None,parent : ['hostname' = 'VRNSDRNGESR001",6.55,00:09,,Intracity,North,Own,Intracity IP Access,,INUEVRNSSTNGNB0001SM1PAR001,1.00172E+11,,NULL,,4,May-26,WK-18'26,TTR>4Hrs
2026WK-18'26,2026,WK-18'26,IM368253594,,UP East,Raibareilly,CMM Name,I-UE-RBRL-ENB-9100,I-UE-RBRL-ENB-I017,,,O & M,NSA,CSS - CSS,Fibre Cut,04-05-2026,04-05-2026 16:01,04-05-2026 16:01,0000-00-00 00:00:00,04-05-2026 18:04,Resolved,Restored by single joint,"CMP_Interface Down [1]: UTTAR PRADESH(EAST)/Raibareilly;Link: CSS_CSS : IPOF :; Down Since:2026-05-04 15:51:16.000000
 $$ [CSS_CSS]I-UE-RBRL-ENB-9100<->I-UE-RBRL-ENB-I017 $$ 

PR TBFC_P1 - Interface down Affected:25 [DOWN:1,THREAT:24] CSS_CSS: IPOF : between I-UE-RBRL-ENB-9100 RBRLRBRLESR087-BD355-TenGigabitEthernet0/0/11 and I-UE-RBRL-ENB-I017 RBRLRBRLESR034-BD354-TenGigabitEthernet0/0/10[Krishanpur Tala and ] CMP -  Raibareilly  Kanpur  since 2026-05-04 15:51:16.0 ; 
@ DOWN[1:I-UE-MHRJ-ENB-9046 MHRJMHRJESR043], THREAT[], Linked_Tickets:[LINK1: UE-49753365-MI],spur:'0',,is_fork:0,fork_parent_information:None,spur_media_type:None,parent : ['hostname' = 'RBRLRBRLESR087','sap_id' = 'I-UE-RBRL-ENB-9100','interface_name' = 'BD355','port' = 'TenGigabitEthernet0/0/11','link' = 'RBRLRBRLESR087_RBRLRBRLESR034','link_no' = 22178878],path_information : (P1 = (ticket_id = 49753365,link = RBRLRBRLESR087_RBRLRBRLESR034,ticket_type = SA,down_type = LINK,outage_start_time = 2026-05-04 15:51:16,outage_created_time = 2026-05-04 15:53:23)),TBFCKEY_49753365, #IFDOWN-CSS_CSS_IPOF#,ticket_nature : IPOF",2.2,00:10,,Intracity,North,Own,Intracity IP Access,,INUERBRLXXXXTW0052ENBESR001,TBD,,NULL,,4,May-26,WK-18'26,TTR<4Hrs
2026WK-18'26,2026,WK-18'26,IM368351406,,UP East,Raibareilly,CMM Name,Lucknow#1- Allahabad Path 1,Bhelwal-Musafirkhana,,,O & M,NSA,Core - Collector,Fibre Cut,05-05-2026,0000-00-00 00:00:00,05-05-2026 01:53,05-05-2026 05:45,05-05-2026 05:20,Resolved,Restored by double joint,uptime increase ,3.57,00:07,,Intercity,North,Own,Transport,Permanent,UEMFKNUEHDRGSPN004_BU,TBD,,NULL,,5,May-26,WK-18'26,TTR<4Hrs
2026WK-18'26,2026,WK-18'26,IM368577024,,UP East,Gorakhpur,CMM Name,I-UE-DORI-ENB-6005,I-UE-DORI-ENB-A002,,,O & M,NSA,CSS - CSS,Fibre Cut,06-05-2026,06-05-2026 01:42,06-05-2026 01:42,0000-00-00 00:00:00,06-05-2026 03:46,Resolved,Restored by resplicing,"Single fiber break 2.5KM from DORI-6005, respliced  & restored 


CMP_Interface Down [1]: UTTAR PRADESH(EAST)/Gorakhpur;Link: CSS_CSS : IPOF :; Down Since:2026-05-06 01:34:30.000000
 $$ [CSS_CSS]I-UE-DORI-ENB-6005<->I-UE-DORI-ENB-A002 $$ 

PR TBFC_P1 - Interface down Affected:7 [DOWN:0,THREAT:7] CSS_CSS: IPOF : between I-UE-DORI-ENB-6005 DORIGRBZESR001-Te0/0/0/24-Te0/0/0/24 and I-UE-DORI-ENB-A002 DORIGRBZESR002-Te0/0/0/25-Te0/0/0/25[Deoria - 3 and ] CMP -  Gorakhpur  since 2026-05-06 01:34:30.0 ; 
@ DOWN[], THREAT[], Linked_Tickets:[LINK1: UE-49804460-MI],spur:'0',,is_fork:0,fork_parent_information:None,spur_media_type:None,parent : ['hostname' = 'DORIGRBZESR001','sap_id' = 'I-UE-DORI-ENB-6005','interface_name' = 'Te0/0/0/24','port' = 'Te0/0/0/24','link' = 'DORIGRBZESR001_DORIGRBZESR002','link_no' = 16383733],path_information : (P1 = (ticket_id = 49804460,link = DORIGRBZESR001_DORIGRBZESR002,ticket_type = THREAT,down_type = LINK,outage_start_time = 2026-05-06 01:34:30,outage_created_time = 2026-05-06 01:37:08)),TBFCKEY_49804460, #IFDOWN-CSS_CSS_IPOF#,ticket_nature : IPOF",2.18,00:07,,Intracity,North,Own,Intracity IP Access,,INUEDORIGRBZTW6001ENBESR001,1.0017E+11,,NULL,,6,May-26,WK-18'26,TTR<4Hrs
2026WK-18'26,2026,WK-18'26,IM368901430,,UP East,Allahabad,CMM Name,I-UE-BPPG-ENB-0002,I-UE-ABDD-AG2-0001,,,O & M,NSA,AG2-OLTE (FTTX),Fibre Cut,07-05-2026,07-05-2026 14:39,07-05-2026 14:39,0000-00-00 00:00:00,07-05-2026 15:53,Resolved,High Ageing,"CMP_Interface Down [1]: UTTAR PRADESH(EAST)/Allahabad;Link: AG2_OLT : IPOF :; Down Since:2026-05-07 14:30:44.000000
 $$ [AG2_OLT]I-UE-BPPG-ENB-0002<->I-UE-ABDD-AG2-0001 $$ 

Fttx:Fiber Cut Between AG2 to OLT: IPOF : | INUEBPPGISWRTW0001ENBOLT001_NT-A:SFP-1 | I-UE-BPPG-ENB-0002 | 10.1.177.140 | PureIshwarnath and INUEABDDCVLLNB0001OA2AAR001_TENGIGE0/0/0/1 | I-UE-ABDD-AG2-0001 | 49.44.2.221 | Lukarganj
[Link 1:INUEBPPGISWRTW0001ENBOLT001_NT-A:SFP-1 | I-UE-BPPG-ENB-0002 | 10.1.177.140 | PureIshwarnath and INUEABDDCVLLNB0001OA2AAR001_TENGIGE0/0/0/1 | I-UE-ABDD-AG2-0001 | 49.44.2.221 | Lukarganj]
 Loss of signal on nt-a:xfp:1 | Site Friendly Name :: PureIshwarnath | SAP ID :: I-UE-BPPG-ENB-0002 | INUEBPPGISWRTW0001ENBOLT001
 Customer on Threat :: 661 and Enterprise customer on threat= 3 
CorrelatedAlarms :di_n_fttx_nokia:3617968237",1.37,00:09,,Intercity,North,Own,Intercity IP Core,,INUEBPPGISWRTW0001ENBOLT001,1.00172E+11,,NULL,,7,May-26,WK-18'26,TTR<4Hrs
2026WK-18'26,2026,WK-18'26,IM368094505,,UP East,Gorakhpur,CMM Name,I-UE-GKPR-ENB-0097,I-UE-GKPR-AG2-0001,,,O & M,NSA,AG2 - AG1,Fibre Cut,03-05-2026,03-05-2026 21:38,03-05-2026 21:38,0000-00-00 00:00:00,03-05-2026 22:57,Resolved,Restored by single joint,"Own aerial fiber cut during EB pole removal work by UPPCL at 1KM from I-UE-GKPR-AG2-0001 restored by single joint
CMP_Interface Down [1]: UTTAR PRADESH(EAST)/Gorakhpur;Link: AG2_AG1 : IPOF :; Down Since:2026-05-03 21:29:21.000000
 $$ [AG2_AG1]I-UE-GKPR-ENB-0097<->I-UE-GKPR-AG2-0001
GKPRIDRNPAR001/TenGigabitEthernet0/4/4
GKPRGKDAAAR001/TenGigE0/0/0/12
GKPRGKDAAAR001/TenGigE0/0/0/12 $$ 

Interface down AG2_AG1 Total :1,10G:1,100G:0,400G:0: IPOF : between I-UE-GKPR-ENB-0097 and I-UE-GKPR-AG2-0001[Bilandpur & Gorakhpur ] since 2026-05-03 21:29:21
 PR ALARM : Interface down AG2_AG1 SO6-CO Total :1,10G:1,100G:0,400G:0 Rg:N Between Site : GKPRIDRNPAR001 port TenGigabitEthernet0/4/4; AND GKPRGKDAAAR001 port TenGigE0/0/1/10-Fiber;MaintenancePoint - Gorakhpur;SAPID - I-UE-GKPR-ENB-0097;DESTINATION_SAPID - I-UE-GKPR-AG2-0001
GKPRIDRNPAR001/TenGigabitEthernet0/4/4
GKPRGKDAAAR001/TenGigE0/0/0/12
GKPRGKDAAAR001/TenGigE0/0/0/12",1.47,00:08,,Intercity,North,Own,Intercity IP Core,,INUEGKPRIDRNTW0001MA1PAR001,TBD,,NULL,,3,May-26,WK-18'26,TTR<4Hrs
2026WK-18'26,2026,WK-18'26,IM368425237,,UP East,Gorakhpur,CMM Name,I-UE-GRBZ-ENB-6000,I-UE-GKPR-AG2-0001,,,O & M,NSA,AG1 - AG1,Fibre Cut,05-05-2026,05-05-2026 10:35,05-05-2026 10:39,0000-00-00 00:00:00,05-05-2026 23:36,Resolved,Restored by double joint,"Own aerial fiber burned during garbage burning at 35 KM from I-UE-GKPR-AG2-0001, restored by double joint, 200 Meter cable added.


LINK_DOWN | GRBZGRBZPAR001/TenGigabitEthernet0/4/1 | Port TenGigabitEthernet0/4/1 Description:  # TO-GKPRGKDAPAR002-Te0/2/0/5-Fiber ## 22075445 ## is down on device 2405:200:204:138:172:16:105:104.:Lost Carrier | LINK_DOWN:2405:200:204:138:172:16:105:104:If: TenGigabitEthernet0/4/1##SubAlarm@@_108 #*# NA",13,00:04,,Intercity,North,Own,Intercity IP Core,,INUEGRBZGRBZTW6001ENBPAR001,1.00172E+11,,NULL,,5,May-26,WK-18'26,TTR>4Hrs
2026WK-18'26,2026,WK-18'26,IM367952854,,UP East,Varanasi,CMM Name,I-UE-DUID-ENB-9026,I-UE-RBGJ-ENB-6003,,,O & M,NSA,AG1 - CSS,Fibre Cut,03-05-2026,03-05-2026 05:40,03-05-2026 05:40,0000-00-00 00:00:00,03-05-2026 17:40,Resolved,Restored by double joint,"CMP_Interface Down [4]: UTTAR PRADESH(EAST)/Varanasi;Link: AG1_CSS : IPOF :; Down Since:2026-05-03 05:34:48.000000
 $$ [AG1_CSS]I-UE-DUID-ENB-9026<->I-UE-RBGJ-ENB-6003;[AG1_CSS]I-UE-RNKT-ENB-I002<->I-UE-DALL-ILA-0001;[CSS_CSS]I-UE-RBGJ-ENB-I001<->I-UE-DUID-ENB-T008;[CSS_CSS]I-UE-OBRA-ENB-0032<->I-UE-HTNL-ENB-9001 $$ 

PR TBFC_P1 - Interface down Affected:8 [DOWN:0,THREAT:8] AG1_CSS: IPOF : between I-UE-DUID-ENB-9026 DUIDDUIDPAR001-Te0/0/6-Te0/0/6 and I-UE-RBGJ-ENB-6003 RBGJRBGJESR011-Te0/0/12-Te0/0/12[Moh-Munsaf Colony ,Ward N.-7 and ] CMP -  Varanasi  since 2026-05-03 05:34:48.0 ; 
@ DOWN[], THREAT[], Linked_Tickets:[LINK1: UE-49713222-MI],spur:'0',,is_fork:0,fork_parent_information:None,spur_media_type:None,parent : ['hostname' = 'DUIDDUIDPAR001','sap_id' = 'I-UE-DUID-ENB-9026','interface_name' = 'Te0/0/6','port' = 'Te0/0/6','link' = 'DUIDDUIDPAR001_RBGJRBGJESR011','link_no' = 22206023],path_information : (P1 = (ticket_id = 49713222,link = DUIDDUIDPAR001_RBGJRBGJESR011,ticket_type = THREAT,down_type = LINK,outage_start_time = 2026-05-03 05:34:48,outage_created_time = 2026-05-03 05:38:40)),TBFCKEY_49713222, #IFDOWN-AG1_CSS_IPOF#,ticket_nature : IPOF
PR TBFC_P1 - Interface down Affected:3 [DOWN:0,THREAT:3] AG1_CSS: IPOF : between I-UE-RNKT-ENB-I002 RNKTPTLNESR001-Te0/0/10-Te0/0/10 and I-UE-DALL-ILA-0001 DALLDALLPAR002-Te0/0/6-Te0/0/6[Dalla (Obra) and ] CMP -  Varanasi  since 2026-05-03 05:35:37.0 ; 
@ DOWN[], THREAT[], Linked_Tickets:[LINK1: UE-49713208-MI],spur:'0',,is",12.08,00:06,,Intracity,North,Own,Intracity IP Access,Permanent,INUEDUIDDUIDTW0001NA1PAR001,1.00169E+11,,NULL,,3,May-26,WK-18'26,TTR>4Hrs
2026WK-18'26,2026,WK-18'26,IM367473896,,UP East,Faizabad,CMM Name,I-UE-FZAD-ENB-0119,I-UE-FZAD-ENB-0006,,,O & M,NSA,AG1 - CSS,Fibre Cut,30-04-2026,30-04-2026 22:17,30-04-2026 22:17,0000-00-00 00:00:00,01-05-2026 09:14,Resolved,Restored by double joint,"CMP_Interface Down [1]: UTTAR PRADESH(EAST)/Faizabad;Link: AG1_CSS : IPOF :; Down Since:2026-04-30 22:08:34.000000
 $$ [AG1_CSS]I-UE-FZAD-ENB-0119<->I-UE-FZAD-ENB-0006 $$ 

PR TBFC_P1 - Interface down Affected:1 [DOWN:0,THREAT:1] AG1_CSS: IPOF : between I-UE-FZAD-ENB-0119 FZADMTIBESR002-Te0/0/11-Te0/0/11 and I-UE-FZAD-ENB-0006 FZADGHNTPAR001-Te0/4/1-Te0/4/1[FaizabadRural and ] CMP -  Faizabad  since 2026-04-30 22:08:34.0 ; 
@ DOWN[], THREAT[], Linked_Tickets:[LINK1: UE-49643745-MI],spur:'0',,is_fork:0,fork_parent_information:None,spur_media_type:None,parent : ['hostname' = 'FZADMTIBESR002','sap_id' = 'I-UE-FZAD-ENB-0119','interface_name' = 'Te0/0/11','port' = 'Te0/0/11','link' = 'FZADMTIBESR002_FZADGHNTPAR001','link_no' = 8081801],path_information : (P1 = (ticket_id = 49643745,link = FZADMTIBESR002_FZADGHNTPAR001,ticket_type = THREAT,down_type = LINK,outage_start_time = 2026-04-30 22:08:34,outage_created_time = 2026-04-30 22:12:29)),TBFCKEY_49643745, #IFDOWN-AG1_CSS_IPOF#,ticket_nature : IPOF",11.08,00:08,Other Telco work,Intracity,North,Own,Intracity IP Access,Permanent,INUEFZADGHNTTW0001AG1PAR001,1.00172E+11,,NULL,,1,May-26,WK-18'26,TTR>4Hrs
2026WK-18'26,2026,WK-18'26,IM367479675,,UP East,Gorakhpur,CMM Name,I-UE-KSYA-AG1-9019,I-UE-GKPR-AG2-0001,,,O & M,NSA,AG2 - AG1,Fibre Cut,30-04-2026,30-04-2026 22:50,30-04-2026 22:50,0000-00-00 00:00:00,02-05-2026 00:15,Resolved,Restored by double joint,"CMP_Interface Down [5]: UTTAR PRADESH(EAST)/Gorakhpur;Link: AG2_AG1 : IPOF :; Down Since:2026-04-30 22:43:30.000000
 $$ [AG2_AG1]I-UE-KSYA-AG1-9019<->I-UE-GKPR-AG2-0001
KSYAKSYAPAR003/HundredGigE0/0/0/0
KSYAKSYAPAR003/Bundle-Ether4
GKPRGKDAAAR002/HundredGigE0/6/0/5
GKPRGKDAAAR002/Bundle-Ether1503
GKPRGKDAAAR002/HundredGigE0/6/0/5
GKPRGKDAAAR002/Bundle-Ether1503;[AG2_AG1]I-UE-GKPR-ENB-0028<->I-UE-GKPR-AG2-0001
GKPRGKDAAAR001/TenGigE0/2/0/10
GKPRCHMRPAR001/TenGigabitEthernet0/0/0
GKPRGKDAAAR001/TenGigE0/2/0/11
GKPRGKDAAAR001/Bundle-Ether1623
GKPRGKDAAAR001/Bundle-Ether1623
GKPRGKDAAAR001/TenGigE0/2/0/10
GKPRGKDAAAR001/TenGigE0/2/0/11;[AG2_AG1]I-UE-GKPR-ENB-0004<->I-UE-GKPR-AG2-0001
GKPRGKDAAAR001/TenGigE0/0/0/11
GKPRGKDAAAR001/TenGigE0/2/0/8
GKPRKWBGPAR001/TenGigabitEthernet0/0/0
GKPRGKDAAAR001/Bundle-Ether1628
GKPRGKDAAAR001/Bundle-Ether1628
GKPRGKDAAAR001/TenGigE0/0/0/11
GKPRGKDAAAR001/TenGigE0/2/0/8;[AG2_AG1]I-UE-PDRN-AG1-9101<->I-UE-GKPR-AG2-0001
GKPRGKDAAAR002/TenGigE0/0/1/0
PDRNPDRNPAR006/TenGigabitEthernet0/4/0
PDRNPDRNPAR006/TenGigabitEthernet0/4/1
GKPRGKDAAAR002/TenGigE0/0/0/17
GKPRGKDAAAR002/Bundle-Ether1621
GKPRGKDAAAR002/TenGigE0/0/1/0
GKPRGKDAAAR002/TenGigE0/0/0/17
GKPRGKDAAAR002/Bundle-Ether1621;[AG1_AG1]I-UE-GKPR-ENB-0402<->I-UE-GKPR-AG1-4403
GKPRSWTPPAR001/TenGigabitEthernet0/4/0
GKPRGKDAPAR003/TenGigabitEthernet0/4/4
GKPRGKDAPAR003/TenGigabitEthernet0/4/0 $$ 

Interface down AG2_AG1 Total :1,10G:0,100G:1,400G:0: IPOF : between ",25.53,00:07,Others,Intercity,North,Own,Intercity IP Core,,INUEKSYAKSYATW0001NA1PAR003,1.00169E+11,,NULL,,2,May-26,WK-18'26,TTR>4Hrs
2026WK-18'26,2026,WK-18'26,IM368631658,,UP East,Gorakhpur,CMM Name,I-UE-JAZY-ENB-9001,I-UE-PHJC-ENB-6002,,,O & M,NSA,CSS - CSS,Fibre Cut,06-05-2026,06-05-2026 09:42,06-05-2026 09:42,0000-00-00 00:00:00,06-05-2026 13:26,Resolved,Restored by single joint,"	

Own fiber cut during road expansion work at 7KM from I-UE-PHJC-ENB-6002, restored by single joint.
CMP_Interface Down [1]: UTTAR PRADESH(EAST)/Gorakhpur;Link: CSS_CSS : IPOF :; Down Since:2026-05-06 09:34:04.000000
 $$ [CSS_CSS]I-UE-JAZY-ENB-9001<->I-UE-PHJC-ENB-6002 $$ 

PR TBFC_P1 - Interface down Affected:20 [DOWN:0,THREAT:20] CSS_CSS: IPOF : between I-UE-JAZY-ENB-9001 PHJCPHJCESR027-BD355-TenGigabitEthernet0/0/11 and I-UE-PHJC-ENB-6002 PHJCPHJCESR045-BD354-TenGigabitEthernet0/0/10[JANGLE and ] CMP -  Gorakhpur  since 2026-05-06 09:34:04.0 ; 
@ DOWN[], THREAT[], Linked_Tickets:[LINK1: UE-49812044-MI],spur:'0',,is_fork:0,fork_parent_information:None,spur_media_type:None,parent : ['hostname' = 'PHJCPHJCESR027','sap_id' = 'I-UE-JAZY-ENB-9001','interface_name' = 'BD355','port' = 'TenGigabitEthernet0/0/11','link' = 'PHJCPHJCESR027_PHJCPHJCESR045','link_no' = 22300537],path_information : (P1 = (ticket_id = 49812044,link = PHJCPHJCESR027_PHJCPHJCESR045,ticket_type = THREAT,down_type = LINK,outage_start_time = 2026-05-06 09:34:04,outage_created_time = 2026-05-06 09:37:05)),TBFCKEY_49812044, #IFDOWN-CSS_CSS_IPOF#,ticket_nature : IPOF",3.87,00:08,,Intracity,North,Own,Intracity IP Access,Permanent,INUEPHJCXXXXTW0007ENBESR001,1.0017E+11,,NULL,,6,May-26,WK-18'26,TTR<4Hrs
2026WK-18'26,2026,WK-18'26,IM368490316,,UP East,Gorakhpur,CMM Name,I-UE-GKPR-ENB-I001,I-UE-GKPR-ENB-0015,,,O & M,NSA,AG1 - CSS,Fibre Cut,05-05-2026,05-05-2026 15:36,05-05-2026 15:46,0000-00-00 00:00:00,06-05-2026 13:38,Resolved,Restored by single joint,"CMP_Interface Down [1]: UTTAR PRADESH(EAST)/Gorakhpur;Link: AG1_CSS : IPOF :; Down Since:2026-05-05 15:36:07.000000
 $$ [AG1_CSS]I-UE-GKPR-ENB-I001<->I-UE-GKPR-ENB-0015 $$ 

PR TBFC_P1 - Interface down Affected:1 [DOWN:0,THREAT:1] AG1_CSS: IPOF : between I-UE-GKPR-ENB-I001 GKPRRLVBESR002-BD354-TenGigabitEthernet0/0/10 and I-UE-GKPR-ENB-0015 GKPRDYNDPAR001-Te0/4/4-Te0/4/4[SHASTRInagara and ] CMP -  Gorakhpur  since 2026-05-05 15:36:07.0 ; 
@ DOWN[], THREAT[], Linked_Tickets:[LINK1: UE-49789874-MI],spur:'0',,is_fork:0,fork_parent_information:None,spur_media_type:None,parent : ['hostname' = 'GKPRRLVBESR002','sap_id' = 'I-UE-GKPR-ENB-I001','interface_name' = 'BD354','port' = 'TenGigabitEthernet0/0/10','link' = 'GKPRRLVBESR002_GKPRDYNDPAR001','link_no' = 16589197],path_information : (P1 = (ticket_id = 49789874,link = GKPRRLVBESR002_GKPRDYNDPAR001,ticket_type = THREAT,down_type = LINK,outage_start_time = 2026-05-05 15:36:07,outage_created_time = 2026-05-05 15:39:08)),TBFCKEY_49789874, #IFDOWN-AG1_CSS_IPOF#,ticket_nature : IPOF , Planned_outage_indication detail: CR No :C6306713,PE Time05-05-2026 13:00:00&05-05-2026 16:00:00",22.03,00:10,Others,Intracity,North,Own,Intracity IP Access,Permanent,INUEGKPRDYNDTW0001MA1PAR001,1.00172E+11,,NULL,,6,May-26,WK-18'26,TTR>4Hrs
2026WK-18'26,2026,WK-18'26,IM368148819,,UP East,Gorakhpur,CMM Name,I-UE-GKPR-ENB-V009,I-UE-GKPR-ENB-0125,,,O & M,NSA,AG1 - CSS,Fibre Cut,04-05-2026,04-05-2026 06:22,04-05-2026 06:22,0000-00-00 00:00:00,04-05-2026 10:04,Resolved,Restored by single joint,"Own fiber damaged by squirrel at 0.02KM from I-UE-GKPR-ENB-V009, restore by single joint
CMP_Interface Down [2]: UTTAR PRADESH(EAST)/Gorakhpur;Link: AG1_CSS : IPOF :; Down Since:2026-05-04 06:13:13.000000
 $$ [AG1_CSS]I-UE-GKPR-ENB-V009<->I-UE-GKPR-ENB-0125;[OLT_OLT]I-UE-GKPR-ENB-0032<->I-UE-GKPR-ENB-0152 $$ 

PR TBFC_P1 - Interface down Affected:5 [DOWN:0,THREAT:5] AG1_CSS: IPOF : between I-UE-GKPR-ENB-V009 GKPRAZDGESR001-Te0/0/10-Te0/0/10 and I-UE-GKPR-ENB-0125 GKPRSHRKPAR001-Te0/4/5-Te0/4/5[Sardakunj and ] CMP -  Gorakhpur    since 2026-05-04 06:13:13.0 ; 
@ DOWN[], THREAT[], Linked_Tickets:[LINK1: UE-49739409-MI],spur:'0',,is_fork:0,fork_parent_information:None,spur_media_type:None,parent : ['hostname' = 'GKPRAZDGESR001','sap_id' = 'I-UE-GKPR-ENB-V009','interface_name' = 'Te0/0/10','port' = 'Te0/0/10','link' = 'GKPRAZDGESR001_GKPRSHRKPAR001','link_no' = 15698268],path_information : (P1 = (ticket_id = 49739409,link = GKPRAZDGESR001_GKPRSHRKPAR001,ticket_type = THREAT,down_type = LINK,outage_start_time = 2026-05-04 06:13:13,outage_created_time = 2026-05-04 06:15:14)),TBFCKEY_49739409, #IFDOWN-AG1_CSS_IPOF#,ticket_nature : IPOF
Fttx:Fiber Cut Between OLT to OLT: IPOF : | INUEGKPRGNNGTW0001ENBOLT001_NT-A:SFP-2 | I-UE-GKPR-ENB-0032 | 10.1.173.52 | Gangacolony and INUEGKPRDGVJTW0001ENBOLT001_NT-A:XFP:1 | I-UE-GKPR-ENB-0152 | 10.1.171.44 | Digvijay Nagar
[Link 1:INUEGKPRGNNGTW0001ENBOLT001_NT-A:SFP-2 | I-UE-GKPR-ENB-0032 | 10.1.173.52 | Gangacolony and INUEGKPRDGVJTW0001E",3.85,00:08,,Intracity,North,Own,Intracity IP Access,,INUEGKPRSHRKTW0001MA1PAR001,1.00169E+11,,NULL,,4,May-26,WK-18'26,TTR<4Hrs
2026WK-18'26,2026,WK-18'26,IM367946926,,UP East,Allahabad,CMM Name,Allahabad-Obra-Varanasi RCN,Allahabad JCN-Kathauli RCN,,,O & M,NSA,Collector,Fibre Cut,03-05-2026,0000-00-00 00:00:00,03-05-2026 04:39,03-05-2026 08:30,03-05-2026 05:43,Resolved,Restored by single joint,.,1.2,00:08,,Intercity,North,Own,Transport,,UEMEASUEMZPVSRC001_OG,TBD,,NULL,,3,May-26,WK-18'26,TTR<4Hrs
2026WK-18'26,2026,WK-18'26,IM367958873,,UP East,Gorakhpur,CMM Name,Faizabad-Domriyaganj-Partawal-Gorakhpur,Bhatahat-Gorakhpur,,,O & M,NSA,Collector,Fibre Cut,03-05-2026,0000-00-00 00:00:00,03-05-2026 06:53,03-05-2026 10:45,03-05-2026 10:16,Resolved,Restored by single joint,"+918810796016 Santosh, Own aerial cut in high raise vehicle at 8.2 km from Gorakhpur  restored by single joint
Collector	Faizabad-Domriyaganj-Partawal-Gorakhpur	Bhatahat-Gorakhpur	 13965		
No
Span Name	LER	SpanLoss	Egress	Ingress	Status
Gorakhpur - Bhatahat		17.68	15.20	-02.48	-
Bhatahat - Gorakhpur	16.5	17.15	16.90	-00.25	-
Collector	Gorakhpur NA2-Gorakhpur MA2 152 RCN	Gorakhpur NA2-Gorakhpur MA2 152 RCN	 9898		
No
Span Name	LER	SpanLoss	Egress	Ingress	Status
Gorakhpur mag2 - Gorakhpurmag2	12	9.6	04.76	-04.84	-
Gorakhpurmag2 - Gorakhpur mag2	12	8.65	04.23	-04.42	-
",3.52,00:08,,Intercity,North,Own,Transport,Permanent,UEGKPRUEGKPRSRC003_BU,1.00169E+11,,NULL,,3,May-26,WK-18'26,TTR<4Hrs
2026WK-18'26,2026,WK-18'26,IM367848872,,UP East,Gorakhpur,CMM Name,I-UE-GKPR-ENB-0228,I-UE-GKPR-AG2-0001,,,O & M,NSA,AG2-OLTE (FTTX),Fibre Cut,02-05-2026,02-05-2026 16:23,02-05-2026 16:23,0000-00-00 00:00:00,03-05-2026 06:39,Resolved,Restored by single joint,"Own fiber partially damaged at 14.5KM from I-UE-GKPR-AG2-0001, restored by single joint, delay due to high loss at multiple locations.
CMP_Interface Down [1]: UTTAR PRADESH(EAST)/Gorakhpur;Link: AG2_OLT : IPOF :; Down Since:2026-05-02 16:13:50.000000
 $$ [AG2_OLT]I-UE-GKPR-ENB-0228<->I-UE-GKPR-AG2-0001 $$ 

Fttx:Fiber Cut Between AG2 to OLT: IPOF : | INUEGKPRRESCTW0001ENBOLT001_NT-A:SFP-2 | I-UE-GKPR-ENB-0228 | 10.1.188.116 | Pokharbind urf Karimnagar and INUEGKPRGKDANB0001NA2AAR002_TENGIGE0/1/0/4 | I-UE-GKPR-AG2-0001 | 49.44.4.108 | Gorakhpur
[Link 1:INUEGKPRRESCTW0001ENBOLT001_NT-A:SFP-2 | I-UE-GKPR-ENB-0228 | 10.1.188.116 | NA and INUEGKPRGKDANB0001NA2AAR002_TENGIGE0/1/0/4 | I-UE-GKPR-AG2-0001 | 49.44.4.108 | Gorakhpur]
 Loss of signal on nt-a:xfp:2 | Site Friendly Name :: Pokharbind urf Karimnagar | SAP ID :: I-UE-GKPR-ENB-0228 | INUEGKPRRESCTW0001ENBOLT001
 Customer on Threat :: 1535 and Enterprise customer on threat= 5 
CorrelatedAlarms :di_n_fttx_nokia:3600459019",14.42,00:09,,Intercity,North,Own,Intercity IP Core,,INUEGKPRRESCTW0001ENBOLT001,1.00169E+11,,NULL,,3,May-26,WK-18'26,TTR>4Hrs
2026WK-18'26,2026,WK-18'26,IM367480129,,UP East,Gorakhpur,CMM Name,Gorakhpur-Kasya-Gopalganj,Gorakhpur-Hata,,,O & M,NSA,Collector,Fibre Cut,30-04-2026,0000-00-00 00:00:00,30-04-2026 22:50,01-05-2026 03:00,01-05-2026 10:38,Resolved,Restored by double joint,.,11.9,00:07,Municipal Corporation permission issue,Intercity,North,Own,Transport,,UEGKPRUEHATASPQ001_ID,1.00169E+11,,NULL,,1,May-26,WK-18'26,TTR>4Hrs
